Name,URL,Status,Success,Duration(ms),Stars,Category,Subcategory,SourceFile,Error
"React","https://github.com/facebook/react",200,true,972,"220k+","JavaScript (10 Skills)","","skill-research-phase5-batch1.md",""
"Vue.js","https://github.com/vuejs/core",200,true,833,"46k+","JavaScript (10 Skills)","","skill-research-phase5-batch1.md",""
"Next.js","https://github.com/vercel/next.js",200,true,982,"125k+","JavaScript (10 Skills)","","skill-research-phase5-batch1.md",""
"Svelte","https://github.com/sveltejs/svelte",200,true,1007,"78k+","JavaScript (10 Skills)","","skill-research-phase5-batch1.md",""
"Three.js","https://github.com/mrdoob/three.js",200,true,913,"100k+","JavaScript (10 Skills)","","skill-research-phase5-batch1.md",""
"Vite","https://github.com/vitejs/vite",200,true,1060,"66k+","JavaScript (10 Skills)","","skill-research-phase5-batch1.md",""
"Nuxt","https://github.com/nuxt/nuxt",200,true,912,"53k+","JavaScript (10 Skills)","","skill-research-phase5-batch1.md",""
"Express.js","https://github.com/expressjs/express",200,true,1132,"64k+","JavaScript (10 Skills)","","skill-research-phase5-batch1.md",""
"Redux","https://github.com/reduxjs/redux",200,true,1018,"60k+","JavaScript (10 Skills)","","skill-research-phase5-batch1.md",""
"Axios","https://github.com/axios/axios",200,true,909,"103k+","JavaScript (10 Skills)","","skill-research-phase5-batch1.md",""
"TypeScript","https://github.com/microsoft/TypeScript",200,true,931,"102k+","TypeScript (10 Skills)","","skill-research-phase5-batch1.md",""
"Angular","https://github.com/angular/angular",200,true,988,"96k+","TypeScript (10 Skills)","","skill-research-phase5-batch1.md",""
"NestJS","https://github.com/nestjs/nest",200,true,834,"67k+","TypeScript (10 Skills)","","skill-research-phase5-batch1.md",""
"VS Code","https://github.com/microsoft/vscode",200,true,959,"160k+","TypeScript (10 Skills)","","skill-research-phase5-batch1.md",""
"Docusaurus","https://github.com/facebook/docusaurus",200,true,1017,"55k+","TypeScript (10 Skills)","","skill-research-phase5-batch1.md",""
"Prisma","https://github.com/prisma/prisma",200,true,1050,"38k+","TypeScript (10 Skills)","","skill-research-phase5-batch1.md",""
"Zod","https://github.com/colinhacks/zod",200,true,1035,"32k+","TypeScript (10 Skills)","","skill-research-phase5-batch1.md",""
"tRPC","https://github.com/trpc/trpc",200,true,956,"34k+","TypeScript (10 Skills)","","skill-research-phase5-batch1.md",""
"Effect-TS","https://github.com/Effect-TS/effect",200,true,899,"6k+","TypeScript (10 Skills)","","skill-research-phase5-batch1.md",""
"Biome","https://github.com/biomejs/biome",200,true,990,"45k+","TypeScript (10 Skills)","","skill-research-phase5-batch1.md",""
"Django","https://github.com/django/django",200,true,989,"80k+","Python (10 Skills)","","skill-research-phase5-batch1.md",""
"FastAPI","https://github.com/tiangolo/fastapi",200,true,1009,"78k+","Python (10 Skills)","","skill-research-phase5-batch1.md",""
"Flask","https://github.com/pallets/flask",200,true,843,"67k+","Python (10 Skills)","","skill-research-phase5-batch1.md",""
"Requests","https://github.com/psf/requests",200,true,837,"53k+","Python (10 Skills)","","skill-research-phase5-batch1.md",""
"Pytest","https://github.com/pytest-dev/pytest",200,true,930,"12k+","Python (10 Skills)","","skill-research-phase5-batch1.md",""
"Pydantic","https://github.com/pydantic/pydantic",200,true,923,"22k+","Python (10 Skills)","","skill-research-phase5-batch1.md",""
"Celery","https://github.com/celery/celery",200,true,1015,"24k+","Python (10 Skills)","","skill-research-phase5-batch1.md",""
"Poetry","https://github.com/python-poetry/poetry",200,true,894,"31k+","Python (10 Skills)","","skill-research-phase5-batch1.md",""
"httpx","https://github.com/encode/httpx",200,true,901,"15k+","Python (10 Skills)","","skill-research-phase5-batch1.md",""
"Black","https://github.com/psf/black",200,true,867,"38k+","Python (10 Skills)","","skill-research-phase5-batch1.md",""
"Gin","https://github.com/gin-gonic/gin",200,true,910,"81k+","Go (10 Skills)","","skill-research-phase5-batch1.md",""
"Echo","https://github.com/labstack/echo",200,true,1004,"29k+","Go (10 Skills)","","skill-research-phase5-batch1.md",""
"GORM","https://github.com/go-gorm/gorm",200,true,1140,"36k+","Go (10 Skills)","","skill-research-phase5-batch1.md",""
"Cobra","https://github.com/spf13/cobra",200,true,896,"38k+","Go (10 Skills)","","skill-research-phase5-batch1.md",""
"Viper","https://github.com/spf13/viper",200,true,927,"26k+","Go (10 Skills)","","skill-research-phase5-batch1.md",""
"Fiber","https://github.com/gofiber/fiber",200,true,1041,"31k+","Go (10 Skills)","","skill-research-phase5-batch1.md",""
"go-zero","https://github.com/zeromicro/go-zero",200,true,1027,"28k+","Go (10 Skills)","","skill-research-phase5-batch1.md",""
"testify","https://github.com/stretchr/testify",200,true,898,"22k+","Go (10 Skills)","","skill-research-phase5-batch1.md",""
"zap","https://github.com/uber-go/zap",200,true,882,"21k+","Go (10 Skills)","","skill-research-phase5-batch1.md",""
"air","https://github.com/cosmtrek/air",200,true,1014,"16k+","Go (10 Skills)","","skill-research-phase5-batch1.md",""
"Vite","https://github.com/vitejs/vite",200,true,253,"61k+","Build Tools & Bundlers (10 Skills)","","skill-research-phase5-batch2.md",""
"esbuild","https://github.com/evanw/esbuild",200,true,791,"39k+","Build Tools & Bundlers (10 Skills)","","skill-research-phase5-batch2.md",""
"Webpack","https://github.com/webpack/webpack",200,true,1063,"64k+","Build Tools & Bundlers (10 Skills)","","skill-research-phase5-batch2.md",""
"Rollup","https://github.com/rollup/rollup",200,true,963,"25k+","Build Tools & Bundlers (10 Skills)","","skill-research-phase5-batch2.md",""
"Rspack","https://github.com/web-infra-dev/rspack",200,true,841,"8k+","Build Tools & Bundlers (10 Skills)","","skill-research-phase5-batch2.md",""
"SWC","https://github.com/swc-project/swc",200,true,969,"31k+","Build Tools & Bundlers (10 Skills)","","skill-research-phase5-batch2.md",""
"Turbopack","https://github.com/vercel/next.js",200,true,312,"125k+","Build Tools & Bundlers (10 Skills)","","skill-research-phase5-batch2.md",""
"Rsbuild","https://github.com/web-infra-dev/rsbuild",200,true,870,"3k+","Build Tools & Bundlers (10 Skills)","","skill-research-phase5-batch2.md",""
"Babel","https://github.com/babel/babel",200,true,913,"42k+","Build Tools & Bundlers (10 Skills)","","skill-research-phase5-batch2.md",""
"PostCSS","https://github.com/postcss/postcss",200,true,1033,"28k+","Build Tools & Bundlers (10 Skills)","","skill-research-phase5-batch2.md",""
"Bootstrap","https://github.com/twbs/bootstrap",200,true,885,"174k+","CSS Frameworks & UI Libraries (10 Skills)","","skill-research-phase5-batch2.md",""
"Tailwind CSS","https://github.com/tailwindlabs/tailwindcss",200,true,869,"78k+","CSS Frameworks & UI Libraries (10 Skills)","","skill-research-phase5-batch2.md",""
"Material UI","https://github.com/mui/material-ui",200,true,956,"91k+","CSS Frameworks & UI Libraries (10 Skills)","","skill-research-phase5-batch2.md",""
"Ant Design","https://github.com/ant-design/ant-design",200,true,922,"97k+","CSS Frameworks & UI Libraries (10 Skills)","","skill-research-phase5-batch2.md",""
"Chakra UI","https://github.com/chakra-ui/chakra-ui",200,true,878,"40k+","CSS Frameworks & UI Libraries (10 Skills)","","skill-research-phase5-batch2.md",""
"Shadcn/ui","https://github.com/shadcn-ui/ui",200,true,971,"55k+","CSS Frameworks & UI Libraries (10 Skills)","","skill-research-phase5-batch2.md",""
"Radix UI","https://github.com/radix-ui/primitives",200,true,933,"15k+","CSS Frameworks & UI Libraries (10 Skills)","","skill-research-phase5-batch2.md",""
"Bulma","https://github.com/jgthms/bulma",200,true,863,"48k+","CSS Frameworks & UI Libraries (10 Skills)","","skill-research-phase5-batch2.md",""
"Headless UI","https://github.com/tailwindlabs/headlessui",200,true,960,"25k+","CSS Frameworks & UI Libraries (10 Skills)","","skill-research-phase5-batch2.md",""
"Mantine","https://github.com/mantinedev/mantine",200,true,914,"25k+","CSS Frameworks & UI Libraries (10 Skills)","","skill-research-phase5-batch2.md",""
"Zustand","https://github.com/pmndrs/zustand",200,true,884,"47k+","State Management Libraries (10 Skills)","","skill-research-phase5-batch2.md",""
"Redux Toolkit","https://github.com/reduxjs/redux-toolkit",200,true,893,"10k+","State Management Libraries (10 Skills)","","skill-research-phase5-batch2.md",""
"MobX","https://github.com/mobxjs/mobx",200,true,853,"27k+","State Management Libraries (10 Skills)","","skill-research-phase5-batch2.md",""
"Jotai","https://github.com/pmndrs/jotai",200,true,1080,"10k+","State Management Libraries (10 Skills)","","skill-research-phase5-batch2.md",""
"Pinia","https://github.com/vuejs/pinia",200,true,921,"13k+","State Management Libraries (10 Skills)","","skill-research-phase5-batch2.md",""
"Recoil","https://github.com/facebookexperimental/Recoil",200,true,838,"19k+","State Management Libraries (10 Skills)","","skill-research-phase5-batch2.md",""
"XState","https://github.com/statelyai/xstate",200,true,1045,"25k+","State Management Libraries (10 Skills)","","skill-research-phase5-batch2.md",""
"Valtio","https://github.com/pmndrs/valtio",200,true,1056,"5k+","State Management Libraries (10 Skills)","","skill-research-phase5-batch2.md",""
"TanStack Store","https://github.com/TanStack/store",200,true,914,"5k+","State Management Libraries (10 Skills)","","skill-research-phase5-batch2.md",""
"SolidJS","https://github.com/solidjs/solid",200,true,904,"30k+","State Management Libraries (10 Skills)","","skill-research-phase5-batch2.md",""
"Jest","https://github.com/jestjs/jest",200,true,1152,"42k+","Frontend Testing Frameworks (10 Skills)","","skill-research-phase5-batch2.md",""
"Vitest","https://github.com/vitest-dev/vitest",200,true,968,"12k+","Frontend Testing Frameworks (10 Skills)","","skill-research-phase5-batch2.md",""
"Playwright","https://github.com/microsoft/playwright",200,true,837,"64k+","Frontend Testing Frameworks (10 Skills)","","skill-research-phase5-batch2.md",""
"Cypress","https://github.com/cypress-io/cypress",200,true,949,"46k+","Frontend Testing Frameworks (10 Skills)","","skill-research-phase5-batch2.md",""
"Testing Library","https://github.com/testing-library/dom-testing-library",200,true,1060,"45k+","Frontend Testing Frameworks (10 Skills)","","skill-research-phase5-batch2.md",""
"MSW","https://github.com/mswjs/msw",200,true,884,"15k+","Frontend Testing Frameworks (10 Skills)","","skill-research-phase5-batch2.md",""
"React Testing Library","https://github.com/testing-library/react-testing-library",200,true,1027,"19k+","Frontend Testing Frameworks (10 Skills)","","skill-research-phase5-batch2.md",""
"Storybook","https://github.com/storybookjs/storybook",200,true,1048,"83k+","Frontend Testing Frameworks (10 Skills)","","skill-research-phase5-batch2.md",""
"uvu","https://github.com/lukeed/uvu",200,true,849,"3k+","Frontend Testing Frameworks (10 Skills)","","skill-research-phase5-batch2.md",""
"Puppeteer","https://github.com/puppeteer/puppeteer",200,true,962,"87k+","Frontend Testing Frameworks (10 Skills)","","skill-research-phase5-batch2.md",""
"Spring Boot","https://github.com/spring-projects/spring-boot",200,true,897,"70k+","Java Backend (8 Skills)","","skill-research-phase5-batch3.md",""
"Quarkus","https://github.com/quarkusio/quarkus",200,true,962,"13k+","Java Backend (8 Skills)","","skill-research-phase5-batch3.md",""
"Micronaut","https://github.com/micronaut-projects/micronaut-core",200,true,915,"6k+","Java Backend (8 Skills)","","skill-research-phase5-batch3.md",""
"Jakarta EE","https://github.com/jakartaee/platform",200,true,1088,"500+","Java Backend (8 Skills)","","skill-research-phase5-batch3.md",""
"Hibernate ORM","https://github.com/hibernate/hibernate-orm",200,true,843,"6k+","Java Backend (8 Skills)","","skill-research-phase5-batch3.md",""
"Apache Tomcat","https://github.com/apache/tomcat",200,true,2135,"3k+","Java Backend (8 Skills)","","skill-research-phase5-batch3.md",""
"Netty","https://github.com/netty/netty",200,true,932,"33k+","Java Backend (8 Skills)","","skill-research-phase5-batch3.md",""
"Spring Security","https://github.com/spring-projects/spring-security",200,true,990,"8k+","Java Backend (8 Skills)","","skill-research-phase5-batch3.md",""
"ASP.NET Core","https://github.com/dotnet/aspnetcore",200,true,909,"35k+",".NET/Core (6 Skills)","","skill-research-phase5-batch3.md",""
"Entity Framework Core","https://github.com/dotnet/efcore",200,true,924,"13k+",".NET/Core (6 Skills)","","skill-research-phase5-batch3.md",""
"Dapr","https://github.com/dapr/dapr",200,true,976,"23k+",".NET/Core (6 Skills)","","skill-research-phase5-batch3.md",""
"Orleans","https://github.com/dotnet/orleans",200,true,930,"10k+",".NET/Core (6 Skills)","","skill-research-phase5-batch3.md",""
"MassTransit","https://github.com/MassTransit/MassTransit",200,true,952,"6k+",".NET/Core (6 Skills)","","skill-research-phase5-batch3.md",""
"Serilog","https://github.com/serilog/serilog",200,true,1101,"7k+",".NET/Core (6 Skills)","","skill-research-phase5-batch3.md",""
"Ruby on Rails","https://github.com/rails/rails",200,true,1638,"58k+","Ruby Frameworks (5 Skills)","","skill-research-phase5-batch3.md",""
"Sinatra","https://github.com/sinatra/sinatra",200,true,980,"12k+","Ruby Frameworks (5 Skills)","","skill-research-phase5-batch3.md",""
"Hanami","https://github.com/hanami/hanami",200,true,957,"6k+","Ruby Frameworks (5 Skills)","","skill-research-phase5-batch3.md",""
"Grape","https://github.com/ruby-grape/grape",200,true,1158,"10k+","Ruby Frameworks (5 Skills)","","skill-research-phase5-batch3.md",""
"Puma","https://github.com/puma/puma",200,true,966,"8k+","Ruby Frameworks (5 Skills)","","skill-research-phase5-batch3.md",""
"Laravel","https://github.com/laravel/framework",200,true,847,"80k+","PHP Frameworks (6 Skills)","","skill-research-phase5-batch3.md",""
"Symfony","https://github.com/symfony/symfony",200,true,1175,"30k+","PHP Frameworks (6 Skills)","","skill-research-phase5-batch3.md",""
"Slim","https://github.com/slimphp/Slim",200,true,947,"13k+","PHP Frameworks (6 Skills)","","skill-research-phase5-batch3.md",""
"Yii2","https://github.com/yiisoft/yii2",200,true,808,"14k+","PHP Frameworks (6 Skills)","","skill-research-phase5-batch3.md",""
"CodeIgniter 4","https://github.com/codeigniter4/CodeIgniter4",200,true,1431,"5k+","PHP Frameworks (6 Skills)","","skill-research-phase5-batch3.md",""
"CakePHP","https://github.com/cakephp/cakephp",200,true,870,"9k+","PHP Frameworks (6 Skills)","","skill-research-phase5-batch3.md",""
"TypeORM","https://github.com/typeorm/typeorm",200,true,867,"34k+","Database ORMs (8 Skills)","","skill-research-phase5-batch3.md",""
"Prisma","https://github.com/prisma/prisma",200,true,908,"38k+","Database ORMs (8 Skills)","","skill-research-phase5-batch3.md",""
"MikroORM","https://github.com/mikro-orm/mikro-orm",200,true,960,"6k+","Database ORMs (8 Skills)","","skill-research-phase5-batch3.md",""
"Sequelize","https://github.com/sequelize/sequelize",200,true,895,"30k+","Database ORMs (8 Skills)","","skill-research-phase5-batch3.md",""
"SQLAlchemy","https://github.com/sqlalchemy/sqlalchemy",200,true,1021,"10k+","Database ORMs (8 Skills)","","skill-research-phase5-batch3.md",""
"Django ORM","https://github.com/django/django",200,true,930,"80k+","Database ORMs (8 Skills)","","skill-research-phase5-batch3.md",""
"Mongoose","https://github.com/Automattic/mongoose",200,true,976,"27k+","Database ORMs (8 Skills)","","skill-research-phase5-batch3.md",""
"Peewee","https://github.com/coleifer/peewee",200,true,832,"11k+","Database ORMs (8 Skills)","","skill-research-phase5-batch3.md",""
"Apollo Server","https://github.com/apollographql/apollo-server",200,true,984,"20k+","API Tools (7 Skills)","","skill-research-phase5-batch3.md",""
"GraphQL Yoga","https://github.com/dotansimha/graphql-yoga",200,true,974,"8k+","API Tools (7 Skills)","","skill-research-phase5-batch3.md",""
"gRPC","https://github.com/grpc/grpc",200,true,949,"42k+","API Tools (7 Skills)","","skill-research-phase5-batch3.md",""
"gRPC-Java","https://github.com/grpc/grpc-java",200,true,1161,"12k+","API Tools (7 Skills)","","skill-research-phase5-batch3.md",""
"gRPC-Node","https://github.com/grpc/grpc-node",200,true,881,"5k+","API Tools (7 Skills)","","skill-research-phase5-batch3.md",""
"Swagger UI","https://github.com/swagger-api/swagger-ui",200,true,1010,"26k+","API Tools (7 Skills)","","skill-research-phase5-batch3.md",""
"OpenAPI Generator","https://github.com/OpenAPITools/openapi-generator",200,true,946,"21k+","API Tools (7 Skills)","","skill-research-phase5-batch3.md",""
"PostgreSQL","https://github.com/postgres/postgres",200,true,898,"16k+","Databases (23 Skills)","","skill-research-phase5-batch4.md",""
"MongoDB","https://github.com/mongodb/mongo",200,true,1039,"26k+","Databases (23 Skills)","","skill-research-phase5-batch4.md",""
"Redis","https://github.com/redis/redis",200,true,1092,"65k+","Databases (23 Skills)","","skill-research-phase5-batch4.md",""
"Cassandra","https://github.com/apache/cassandra",200,true,1014,"9k+","Databases (23 Skills)","","skill-research-phase5-batch4.md",""
"Elasticsearch","https://github.com/elastic/elasticsearch",200,true,913,"68k+","Databases (23 Skills)","","skill-research-phase5-batch4.md",""
"Kibana","https://github.com/elastic/kibana",200,true,1041,"19k+","Databases (23 Skills)","","skill-research-phase5-batch4.md",""
"ClickHouse","https://github.com/ClickHouse/ClickHouse",200,true,967,"37k+","Databases (23 Skills)","","skill-research-phase5-batch4.md",""
"TimescaleDB","https://github.com/timescale/timescaledb",200,true,1188,"17k+","Databases (23 Skills)","","skill-research-phase5-batch4.md",""
"InfluxDB","https://github.com/influxdata/influxdb",200,true,892,"27k+","Databases (23 Skills)","","skill-research-phase5-batch4.md",""
"QuestDB","https://github.com/questdb/questdb",200,true,912,"14k+","Databases (23 Skills)","","skill-research-phase5-batch4.md",""
"Apache Druid","https://github.com/apache/druid",200,true,1075,"13k+","Databases (23 Skills)","","skill-research-phase5-batch4.md",""
"Neo4j","https://github.com/neo4j/neo4j",200,true,950,"12k+","Databases (23 Skills)","","skill-research-phase5-batch4.md",""
"SQLite","https://github.com/sqlite/sqlite",200,true,798,"5k+","Databases (23 Skills)","","skill-research-phase5-batch4.md",""
"DuckDB","https://github.com/duckdb/duckdb",200,true,874,"18k+","Databases (23 Skills)","","skill-research-phase5-batch4.md",""
"Apache Calcite","https://github.com/apache/calcite",200,true,919,"4k+","Databases (23 Skills)","","skill-research-phase5-batch4.md",""
"Apache Pinot","https://github.com/apache/pinot",200,true,962,"5k+","Databases (23 Skills)","","skill-research-phase5-batch4.md",""
"Symfony","https://github.com/symfony/symfony",200,true,267,"30k+","Databases (23 Skills)","","skill-research-phase5-batch4.md",""
"Jest","https://github.com/jestjs/jest",200,true,970,"43k+","Testing Frameworks (23 Skills)","","skill-research-phase5-batch4.md",""
"Vitest","https://github.com/vitest-dev/vitest",200,true,877,"12k+","Testing Frameworks (23 Skills)","","skill-research-phase5-batch4.md",""
"Mocha","https://github.com/mochajs/mocha",200,true,869,"23k+","Testing Frameworks (23 Skills)","","skill-research-phase5-batch4.md",""
"Chai","https://github.com/chaijs/chai",200,true,950,"9k+","Testing Frameworks (23 Skills)","","skill-research-phase5-batch4.md",""
"QUnit","https://github.com/qunitjs/qunit",200,true,898,"4k+","Testing Frameworks (23 Skills)","","skill-research-phase5-batch4.md",""
"AVA","https://github.com/avajs/ava",200,true,990,"20k+","Testing Frameworks (23 Skills)","","skill-research-phase5-batch4.md",""
"Testing Library","https://github.com/testing-library/dom-testing-library",200,true,932,"46k+","Testing Frameworks (23 Skills)","","skill-research-phase5-batch4.md",""
"JUnit 5","https://github.com/junit-team/junit5",200,true,1011,"6k+","Testing Frameworks (23 Skills)","","skill-research-phase5-batch4.md",""
"Mockito","https://github.com/mockito/mockito",200,true,913,"14k+","Testing Frameworks (23 Skills)","","skill-research-phase5-batch4.md",""
"TestNG","https://github.com/testng-team/testng",200,true,914,"2k+","Testing Frameworks (23 Skills)","","skill-research-phase5-batch4.md",""
"Selenium","https://github.com/SeleniumHQ/selenium",200,true,1310,"29k+","Testing Frameworks (23 Skills)","","skill-research-phase5-batch4.md",""
"Appium","https://github.com/appium/appium",200,true,981,"18k+","Testing Frameworks (23 Skills)","","skill-research-phase5-batch4.md",""
"Pytest","https://github.com/pytest-dev/pytest",200,true,900,"12k+","Testing Frameworks (23 Skills)","","skill-research-phase5-batch4.md",""
"RSpec","https://github.com/rspec/rspec",200,true,1038,"5k+","Testing Frameworks (23 Skills)","","skill-research-phase5-batch4.md",""
"Testify","https://github.com/stretchr/testify",200,true,985,"22k+","Testing Frameworks (23 Skills)","","skill-research-phase5-batch4.md",""
"Locust","https://github.com/locustio/locust",200,true,1149,"23k+","Testing Frameworks (23 Skills)","","skill-research-phase5-batch4.md",""
"Apache JMeter","https://github.com/apache/jmeter",200,true,890,"8k+","Testing Frameworks (23 Skills)","","skill-research-phase5-batch4.md",""
"Hypothesis","https://github.com/HypothesisWorks/hypothesis",200,true,830,"7k+","Testing Frameworks (23 Skills)","","skill-research-phase5-batch4.md",""
"Gradle","https://github.com/gradle/gradle",200,true,867,"17k+","Build Tools (23 Skills)","","skill-research-phase5-batch4.md",""
"Maven","https://github.com/apache/maven",200,true,959,"4k+","Build Tools (23 Skills)","","skill-research-phase5-batch4.md",""
"Apache Ant","https://github.com/apache/ant",200,true,1156,"600+","Build Tools (23 Skills)","","skill-research-phase5-batch4.md",""
"Webpack","https://github.com/webpack/webpack",200,true,1093,"64k+","Build Tools (23 Skills)","","skill-research-phase5-batch4.md",""
"Vite","https://github.com/vitejs/vite",200,true,977,"65k+","Build Tools (23 Skills)","","skill-research-phase5-batch4.md",""
"Rollup","https://github.com/rollup/rollup",200,true,987,"26k+","Build Tools (23 Skills)","","skill-research-phase5-batch4.md",""
"esbuild","https://github.com/evanw/esbuild",200,true,785,"37k+","Build Tools (23 Skills)","","skill-research-phase5-batch4.md",""
"Parcel","https://github.com/parcel-bundler/parcel",200,true,1048,"43k+","Build Tools (23 Skills)","","skill-research-phase5-batch4.md",""
"WMR","https://github.com/preactjs/wmr",200,true,844,"2k+","Build Tools (23 Skills)","","skill-research-phase5-batch4.md",""
"npm","https://github.com/npm/cli",200,true,1014,"8k+","Build Tools (23 Skills)","","skill-research-phase5-batch4.md",""
"Yarn","https://github.com/yarnpkg/yarn",200,true,876,"42k+","Build Tools (23 Skills)","","skill-research-phase5-batch4.md",""
"pnpm","https://github.com/pnpm/pnpm",200,true,1459,"30k+","Build Tools (23 Skills)","","skill-research-phase5-batch4.md",""
"Bower","https://github.com/bower/bower",200,true,896,"16k+","Build Tools (23 Skills)","","skill-research-phase5-batch4.md",""
"pip","https://github.com/pypa/pip",200,true,828,"9k+","Build Tools (23 Skills)","","skill-research-phase5-batch4.md",""
"Poetry","https://github.com/python-poetry/poetry",200,true,837,"31k+","Build Tools (23 Skills)","","skill-research-phase5-batch4.md",""
"Cargo","https://github.com/rust-lang/cargo",200,true,1010,"11k+","Build Tools (23 Skills)","","skill-research-phase5-batch4.md",""
"Bazel","https://github.com/bazelbuild/bazel",200,true,984,"22k+","Build Tools (23 Skills)","","skill-research-phase5-batch4.md",""
"Buck","https://github.com/facebook/buck",200,true,1064,"9k+","Build Tools (23 Skills)","","skill-research-phase5-batch4.md",""
"Nix","https://github.com/NixOS/nix",200,true,1006,"12k+","Build Tools (23 Skills)","","skill-research-phase5-batch4.md",""
"Hugo","https://github.com/gohugoio/hugo",200,true,1126,"76k+","Build Tools (23 Skills)","","skill-research-phase5-batch4.md",""
"Actions Toolkit","https://github.com/actions/toolkit",200,true,920,"4k+","Build Tools (23 Skills)","","skill-research-phase5-batch4.md",""
"Next.js","https://github.com/vercel/next.js",200,true,882,"125k+","Build Tools (23 Skills)","","skill-research-phase5-batch4.md",""
"Jenkins","https://github.com/jenkinsci/jenkins",200,true,822,"23k+","CI/CD Tools (23 Skills)","","skill-research-phase5-batch4.md",""
"Actions Runner Controller","https://github.com/actions/actions-runner-controller",200,true,916,"4k+","CI/CD Tools (23 Skills)","","skill-research-phase5-batch4.md",""
"GitLab","https://github.com/gitlabhq/gitlab",200,true,910,"35k+","CI/CD Tools (23 Skills)","","skill-research-phase5-batch4.md",""
"Drone","https://github.com/drone/drone",200,true,874,"29k+","CI/CD Tools (23 Skills)","","skill-research-phase5-batch4.md",""
"CircleCI CLI","https://github.com/CircleCI-Public/circleci-cli",200,true,1000,"700+","CI/CD Tools (23 Skills)","","skill-research-phase5-batch4.md",""
"Travis CI","https://github.com/travis-ci/travis-ci",200,true,848,"8k+","CI/CD Tools (23 Skills)","","skill-research-phase5-batch4.md",""
"Buildbot","https://github.com/buildbot/buildbot",200,true,919,"6k+","CI/CD Tools (23 Skills)","","skill-research-phase5-batch4.md",""
"Terraform","https://github.com/hashicorp/terraform",200,true,919,"42k+","CI/CD Tools (23 Skills)","","skill-research-phase5-batch4.md",""
"Ansible","https://github.com/ansible/ansible",200,true,981,"62k+","CI/CD Tools (23 Skills)","","skill-research-phase5-batch4.md",""
"Docker CE","https://github.com/docker/docker-ce",200,true,845,"7k+","CI/CD Tools (23 Skills)","","skill-research-phase5-batch4.md",""
"Kubernetes","https://github.com/kubernetes/kubernetes",200,true,1008,"109k+","CI/CD Tools (23 Skills)","","skill-research-phase5-batch4.md",""
"Helm","https://github.com/helm/helm",200,true,883,"26k+","CI/CD Tools (23 Skills)","","skill-research-phase5-batch4.md",""
"Prometheus","https://github.com/prometheus/prometheus",200,true,944,"54k+","CI/CD Tools (23 Skills)","","skill-research-phase5-batch4.md",""
"Grafana","https://github.com/grafana/grafana",200,true,1021,"62k+","CI/CD Tools (23 Skills)","","skill-research-phase5-batch4.md",""
"Gitea","https://github.com/go-gitea/gitea",200,true,980,"45k+","CI/CD Tools (23 Skills)","","skill-research-phase5-batch4.md",""
"SonarQube","https://github.com/SonarSource/sonarqube",200,true,875,"9k+","CI/CD Tools (23 Skills)","","skill-research-phase5-batch4.md",""
"Nuclei","https://github.com/projectdiscovery/nuclei",200,true,940,"18k+","CI/CD Tools (23 Skills)","","skill-research-phase5-batch4.md",""
"GitLens","https://github.com/eamodio/vscode-gitlens",200,true,1066,"18k+","Code Editors (30 Skills)","VS Code Extensions (8)","skill-research-phase5-batch5.md",""
"IntelliCode","https://github.com/visualstudioexptteam/vscodeintellicode",404,false,652,"5k+","Code Editors (30 Skills)","VS Code Extensions (8)","skill-research-phase5-batch5.md",""
"Live Server","https://github.com/microsoft/vscode-live-server",404,false,599,"4k+","Code Editors (30 Skills)","VS Code Extensions (8)","skill-research-phase5-batch5.md",""
"ESLint","https://github.com/dbaeumer/vscode-eslint",200,true,1072,"4k+","Code Editors (30 Skills)","VS Code Extensions (8)","skill-research-phase5-batch5.md",""
"Prettier","https://github.com/esbenp/prettier-vscode",200,true,884,"4k+","Code Editors (30 Skills)","VS Code Extensions (8)","skill-research-phase5-batch5.md",""
"Error Lens","https://github.com/usernamehw/vscode-error-lens",200,true,1274,"2k+","Code Editors (30 Skills)","VS Code Extensions (8)","skill-research-phase5-batch5.md",""
"TODO Highlight","https://github.com/wayou/vscode-todo-highlight",200,true,1117,"2k+","Code Editors (30 Skills)","VS Code Extensions (8)","skill-research-phase5-batch5.md",""
"Open in GitHub","https://github.com/chrisdias/vscode-open-in-github",404,false,613,"1k+","Code Editors (30 Skills)","VS Code Extensions (8)","skill-research-phase5-batch5.md",""
"Telescope","https://github.com/nvim-telescope/telescope.nvim",200,true,1217,"9k+","Code Editors (30 Skills)","Neovim Plugins (14)","skill-research-phase5-batch5.md",""
"Treesitter","https://github.com/nvim-treesitter/nvim-treesitter",200,true,996,"8k+","Code Editors (30 Skills)","Neovim Plugins (14)","skill-research-phase5-batch5.md",""
"nvim-lspconfig","https://github.com/neovim/nvim-lspconfig",200,true,908,"7k+","Code Editors (30 Skills)","Neovim Plugins (14)","skill-research-phase5-batch5.md",""
"nvim-cmp","https://github.com/hrsh7th/nvim-cmp",200,true,894,"6k+","Code Editors (30 Skills)","Neovim Plugins (14)","skill-research-phase5-batch5.md",""
"Gitsigns","https://github.com/lewis6991/gitsigns.nvim",200,true,888,"5k+","Code Editors (30 Skills)","Neovim Plugins (14)","skill-research-phase5-batch5.md",""
"which-key.nvim","https://github.com/folke/which-key.nvim",200,true,872,"4k+","Code Editors (30 Skills)","Neovim Plugins (14)","skill-research-phase5-batch5.md",""
"tokyonight.nvim","https://github.com/folke/tokyonight.nvim",200,true,902,"4k+","Code Editors (30 Skills)","Neovim Plugins (14)","skill-research-phase5-batch5.md",""
"undotree","https://github.com/mbbill/undotree",200,true,945,"3k+","Code Editors (30 Skills)","Neovim Plugins (14)","skill-research-phase5-batch5.md",""
"bufferline.nvim","https://github.com/akinsho/bufferline.nvim",200,true,873,"3k+","Code Editors (30 Skills)","Neovim Plugins (14)","skill-research-phase5-batch5.md",""
"indent-blankline","https://github.com/lukas-reineke/indent-blankline.nvim",200,true,926,"3k+","Code Editors (30 Skills)","Neovim Plugins (14)","skill-research-phase5-batch5.md",""
"lualine.nvim","https://github.com/nvim-lualine/lualine.nvim",200,true,883,"4k+","Code Editors (30 Skills)","Neovim Plugins (14)","skill-research-phase5-batch5.md",""
"nvim-tree.lua","https://github.com/kyazdani42/nvim-tree.lua",200,true,944,"5k+","Code Editors (30 Skills)","Neovim Plugins (14)","skill-research-phase5-batch5.md",""
"dressing.nvim","https://github.com/stevearc/dressing.nvim",200,true,956,"2k+","Code Editors (30 Skills)","Neovim Plugins (14)","skill-research-phase5-batch5.md",""
"Nvim","https://github.com/neovim/neovim",200,true,1032,"80k+","Code Editors (30 Skills)","Neovim Plugins (14)","skill-research-phase5-batch5.md",""
"vim-fugitive","https://github.com/tpope/vim-fugitive",200,true,900,"20k+","Code Editors (30 Skills)","Vim Plugins (6)","skill-research-phase5-batch5.md",""
"vim-plug","https://github.com/junegunn/vim-plug",200,true,883,"30k+","Code Editors (30 Skills)","Vim Plugins (6)","skill-research-phase5-batch5.md",""
"NERDTree","https://github.com/preservim/nerdtree",200,true,948,"20k+","Code Editors (30 Skills)","Vim Plugins (6)","skill-research-phase5-batch5.md",""
"vim-gitgutter","https://github.com/airblade/vim-gitgutter",200,true,762,"18k+","Code Editors (30 Skills)","Vim Plugins (6)","skill-research-phase5-batch5.md",""
"vim-airline","https://github.com/vim-airline/vim-airline",200,true,1081,"17k+","Code Editors (30 Skills)","Vim Plugins (6)","skill-research-phase5-batch5.md",""
"vim-surround","https://github.com/tpope/vim-surround",200,true,999,"15k+","Code Editors (30 Skills)","Vim Plugins (6)","skill-research-phase5-batch5.md",""
"Doom Emacs","https://github.com/doomemacs/doomemacs",200,true,890,"18k+","Code Editors (30 Skills)","Emacs (2)","skill-research-phase5-batch5.md",""
"Evil","https://github.com/emacs-evil/evil",200,true,973,"9k+","Code Editors (30 Skills)","Emacs (2)","skill-research-phase5-batch5.md",""
"Obsidian","https://github.com/obsidianmd/obsidian-git",404,false,650,"2k+","Note-Taking Apps (30 Skills)","Obsidian Plugins (8)","skill-research-phase5-batch5.md",""
"Obsidian Tasks","https://github.com/obsidian-tasks-group/obsidian-tasks",200,true,948,"5k+","Note-Taking Apps (30 Skills)","Obsidian Plugins (8)","skill-research-phase5-batch5.md",""
"Obsidian Kanban","https://github.com/pyrochlore/obsidian-kanban",404,false,674,"3k+","Note-Taking Apps (30 Skills)","Obsidian Plugins (8)","skill-research-phase5-batch5.md",""
"Obsidian Hub","https://github.com/obsidian-community/obsidian-hub",200,true,1038,"1k+","Note-Taking Apps (30 Skills)","Obsidian Plugins (8)","skill-research-phase5-batch5.md",""
"Foam","https://github.com/foambubble/foam",200,true,925,"14k+","Note-Taking Apps (30 Skills)","Obsidian Plugins (8)","skill-research-phase5-batch5.md",""
"Foam VSCode","https://github.com/foambubble/foam-vscode",200,true,976,"2k+","Note-Taking Apps (30 Skills)","Obsidian Plugins (8)","skill-research-phase5-batch5.md",""
"Trilium Notes","https://github.com/zadam/trilium",200,true,859,"23k+","Note-Taking Apps (30 Skills)","Obsidian Plugins (8)","skill-research-phase5-batch5.md",""
"AFFiNE","https://github.com/toeverything/AFFiNE",200,true,899,"40k+","Note-Taking Apps (30 Skills)","Obsidian Plugins (8)","skill-research-phase5-batch5.md",""
"Logseq","https://github.com/logseq/logseq",200,true,918,"30k+","Note-Taking Apps (30 Skills)","Logseq (4)","skill-research-phase5-batch5.md",""
"Logseq Dev Plugin","https://github.com/pengx17/logseq-dev-plugin",404,false,605,"2k+","Note-Taking Apps (30 Skills)","Logseq (4)","skill-research-phase5-batch5.md",""
"Logseq Tabs","https://github.com/sawhney17/logseq-plugin-tabs",404,false,610,"500+","Note-Taking Apps (30 Skills)","Logseq (4)","skill-research-phase5-batch5.md",""
"Logseq Agenda","https://github.com/rytskyh/logseq-plugin-agenda",404,false,646,"400+","Note-Taking Apps (30 Skills)","Logseq (4)","skill-research-phase5-batch5.md",""
"Joplin","https://github.com/laurent22/joplin",200,true,910,"40k+","Note-Taking Apps (30 Skills)","Joplin (4)","skill-research-phase5-batch5.md",""
"Joplin Templates","https://github.com/joplin/plugin-templates",200,true,914,"400+","Note-Taking Apps (30 Skills)","Joplin (4)","skill-research-phase5-batch5.md",""
"Joplin Note Graph","https://github.com/joplin/plugin-note-graph",404,false,633,"200+","Note-Taking Apps (30 Skills)","Joplin (4)","skill-research-phase5-batch5.md",""
"Trilium Scripts","https://github.com/zadam/trilium-scripts",404,false,610,"500+","Note-Taking Apps (30 Skills)","Joplin (4)","skill-research-phase5-batch5.md",""
"TiddlyGit","https://github.com/tiddly-gittly/TiddlyGit-Desktop",200,true,981,"1k+","Note-Taking Apps (30 Skills)","Other Note Tools (14)","skill-research-phase5-batch5.md",""
"Gollama","https://github.com/gollama/gollama",404,false,630,"1k+","Note-Taking Apps (30 Skills)","Other Note Tools (14)","skill-research-phase5-batch5.md",""
"Focus Timer","https://github.com/robinhoodmarkets/focus",404,false,584,"3k+","Note-Taking Apps (30 Skills)","Other Note Tools (14)","skill-research-phase5-batch5.md",""
"Tmuxinator","https://github.com/tmuxinator/tmuxinator",200,true,928,"13k+","Note-Taking Apps (30 Skills)","Other Note Tools (14)","skill-research-phase5-batch5.md",""
"Spacedrive","https://github.com/spacedriveapp/spacedrive",200,true,950,"30k+","Note-Taking Apps (30 Skills)","Other Note Tools (14)","skill-research-phase5-batch5.md",""
"AnySync","https://github.com/anytype-io/any-sync",404,false,664,"500+","Note-Taking Apps (30 Skills)","Other Note Tools (14)","skill-research-phase5-batch5.md",""
"prepare-code-cmd","https://github.com/zhamlin/prepare-code-cmd",404,false,600,"300+","Note-Taking Apps (30 Skills)","Other Note Tools (14)","skill-research-phase5-batch5.md",""
"Czech","https://github.com/cpodgors/czech",404,false,613,"300+","Note-Taking Apps (30 Skills)","Other Note Tools (14)","skill-research-phase5-batch5.md",""
"Sketch HQ","https://github.com/sketch-hq/sketch-hq",404,false,611,"1k+","Note-Taking Apps (30 Skills)","Other Note Tools (14)","skill-research-phase5-batch5.md",""
"Dazzle","https://github.com/youssefhabri/dazzle",404,false,590,"400+","Note-Taking Apps (30 Skills)","Other Note Tools (14)","skill-research-phase5-batch5.md",""
"Ferdi","https://github.com/getferdi/ferdi",404,false,604,"10k+","Note-Taking Apps (30 Skills)","Other Note Tools (14)","skill-research-phase5-batch5.md",""
"Learn Git Branching","https://github.com/gabriel/LearnGitBranching",404,false,612,"30k+","Note-Taking Apps (30 Skills)","Other Note Tools (14)","skill-research-phase5-batch5.md",""
"Winds","https://github.com/GetStream/Winds",200,true,1130,"8k+","Note-Taking Apps (30 Skills)","Other Note Tools (14)","skill-research-phase5-batch5.md",""
"Filestash","https://github.com/mickael-kerjean/filestash",200,true,840,"8k+","Note-Taking Apps (30 Skills)","Other Note Tools (14)","skill-research-phase5-batch5.md",""
"Oh My Zsh","https://github.com/ohmyzsh/ohmyzsh",200,true,1035,"165k+","Terminal Tools (30 Skills)","Shells (8)","skill-research-phase5-batch5.md",""
"Prezto","https://github.com/sorin-ionescu/prezto",200,true,925,"14k+","Terminal Tools (30 Skills)","Shells (8)","skill-research-phase5-batch5.md",""
"Powerlevel10k","https://github.com/romkatv/powerlevel10k",200,true,1313,"45k+","Terminal Tools (30 Skills)","Shells (8)","skill-research-phase5-batch5.md",""
"Starship","https://github.com/starship/starship",200,true,1009,"40k+","Terminal Tools (30 Skills)","Shells (8)","skill-research-phase5-batch5.md",""
"Fish","https://github.com/fish-shell/fish-shell",200,true,938,"25k+","Terminal Tools (30 Skills)","Shells (8)","skill-research-phase5-batch5.md",""
"Nushell","https://github.com/nushell/nushell",200,true,937,"30k+","Terminal Tools (30 Skills)","Shells (8)","skill-research-phase5-batch5.md",""
"Elvish","https://github.com/elvish/elvish",404,false,634,"5k+","Terminal Tools (30 Skills)","Shells (8)","skill-research-phase5-batch5.md",""
"Xonsh","https://github.com/xonsh/xonsh",200,true,881,"8k+","Terminal Tools (30 Skills)","Shells (8)","skill-research-phase5-batch5.md",""
"Tmux","https://github.com/tmux/tmux",200,true,814,"33k+","Terminal Tools (30 Skills)","Terminal Multiplexers (7)","skill-research-phase5-batch5.md",""
"TPM","https://github.com/tmux-plugins/tpm",200,true,864,"11k+","Terminal Tools (30 Skills)","Terminal Multiplexers (7)","skill-research-phase5-batch5.md",""
"tmux-resurrect","https://github.com/tmux-plugins/tmux-resurrect",200,true,940,"8k+","Terminal Tools (30 Skills)","Terminal Multiplexers (7)","skill-research-phase5-batch5.md",""
"tmux-continuum","https://github.com/tmux-plugins/tmux-continuum",200,true,1030,"3k+","Terminal Tools (30 Skills)","Terminal Multiplexers (7)","skill-research-phase5-batch5.md",""
"tmux-yank","https://github.com/tmux-plugins/tmux-yank",200,true,914,"2k+","Terminal Tools (30 Skills)","Terminal Multiplexers (7)","skill-research-phase5-batch5.md",""
"tmux-checklist","https://github.com/square/tmux-checklist",404,false,629,"300+","Terminal Tools (30 Skills)","Terminal Multiplexers (7)","skill-research-phase5-batch5.md",""
".tmux","https://github.com/gpakosz/.tmux",200,true,852,"14k+","Terminal Tools (30 Skills)","Terminal Multiplexers (7)","skill-research-phase5-batch5.md",""
"FZF","https://github.com/junegunn/fzf",200,true,1021,"60k+","Terminal Tools (30 Skills)","CLI Tools (15)","skill-research-phase5-batch5.md",""
"Ripgrep","https://github.com/BurntSushi/ripgrep",200,true,847,"45k+","Terminal Tools (30 Skills)","CLI Tools (15)","skill-research-phase5-batch5.md",""
"Bat","https://github.com/sharkdp/bat",200,true,953,"48k+","Terminal Tools (30 Skills)","CLI Tools (15)","skill-research-phase5-batch5.md",""
"FD","https://github.com/sharkdp/fd",200,true,1051,"33k+","Terminal Tools (30 Skills)","CLI Tools (15)","skill-research-phase5-batch5.md",""
"Exa","https://github.com/ogham/exa",200,true,836,"23k+","Terminal Tools (30 Skills)","CLI Tools (15)","skill-research-phase5-batch5.md",""
"Eza","https://github.com/eza-community/eza",200,true,1074,"10k+","Terminal Tools (30 Skills)","CLI Tools (15)","skill-research-phase5-batch5.md",""
"Zoxide","https://github.com/ajeetdsouza/zoxide",200,true,929,"20k+","Terminal Tools (30 Skills)","CLI Tools (15)","skill-research-phase5-batch5.md",""
"LF","https://github.com/gokcehan/lf",200,true,947,"7k+","Terminal Tools (30 Skills)","CLI Tools (15)","skill-research-phase5-batch5.md",""
"Ranger","https://github.com/ranger/ranger",200,true,933,"14k+","Terminal Tools (30 Skills)","CLI Tools (15)","skill-research-phase5-batch5.md",""
"Lazygit","https://github.com/jesseduffield/lazygit",200,true,1006,"48k+","Terminal Tools (30 Skills)","CLI Tools (15)","skill-research-phase5-batch5.md",""
"Forgit","https://github.com/wfxr/forgit",200,true,969,"4k+","Terminal Tools (30 Skills)","CLI Tools (15)","skill-research-phase5-batch5.md",""
"Delta","https://github.com/dandavison/delta",200,true,879,"20k+","Terminal Tools (30 Skills)","CLI Tools (15)","skill-research-phase5-batch5.md",""
"Krew","https://github.com/kubernetes-sigs/krew",200,true,995,"5k+","Terminal Tools (30 Skills)","CLI Tools (15)","skill-research-phase5-batch5.md",""
"Gum","https://github.com/charmbracelet/gum",200,true,2429,"15k+","Terminal Tools (30 Skills)","CLI Tools (15)","skill-research-phase5-batch5.md",""
"Glow","https://github.com/charmbracelet/glow",200,true,1031,"15k+","Terminal Tools (30 Skills)","CLI Tools (15)","skill-research-phase5-batch5.md",""
"Go Task","https://github.com/go-task/task",200,true,1005,"10k+","Productivity Utilities (25 Skills)","Task Managers (7)","skill-research-phase5-batch5.md",""
"Nick","https://github.com/nickkhall/nick",404,false,619,"100+","Productivity Utilities (25 Skills)","Task Managers (7)","skill-research-phase5-batch5.md",""
"transfer.sh","https://github.com/dutchcoders/transfer.sh",200,true,982,"16k+","Productivity Utilities (25 Skills)","Task Managers (7)","skill-research-phase5-batch5.md",""
"Chronos","https://github.com/CupCakeArmy/chronos",404,false,656,"200+","Productivity Utilities (25 Skills)","Task Managers (7)","skill-research-phase5-batch5.md",""
"Bubbletea","https://github.com/charmbracelet/bubbletea",200,true,886,"25k+","Productivity Utilities (25 Skills)","Task Managers (7)","skill-research-phase5-batch5.md",""
"Htop","https://github.com/htop-dev/htop",200,true,942,"7k+","Productivity Utilities (25 Skills)","Task Managers (7)","skill-research-phase5-batch5.md",""
"Btop","https://github.com/aristocratos/btop",200,true,918,"20k+","Productivity Utilities (25 Skills)","Task Managers (7)","skill-research-phase5-batch5.md",""
"Clipboard","https://github.com/Slackadays/Clipboard",200,true,1001,"600+","Productivity Utilities (25 Skills)","Clipboard Managers (5)","skill-research-phase5-batch5.md",""
"Activepieces","https://github.com/activepieces/activepieces",200,true,898,"7k+","Productivity Utilities (25 Skills)","Clipboard Managers (5)","skill-research-phase5-batch5.md",""
"Maccy","https://github.com/p0deje/Maccy",200,true,866,"9k+","Productivity Utilities (25 Skills)","Clipboard Managers (5)","skill-research-phase5-batch5.md",""
"Clipy","https://github.com/Clipy/Clipy",200,true,908,"6k+","Productivity Utilities (25 Skills)","Clipboard Managers (5)","skill-research-phase5-batch5.md",""
"Jclip","https://github.com/jdberry/jclip",404,false,643,"100+","Productivity Utilities (25 Skills)","Clipboard Managers (5)","skill-research-phase5-batch5.md",""
"Vifm","https://github.com/vifm/vifm",200,true,1035,"2k+","Productivity Utilities (25 Skills)","File Managers (6)","skill-research-phase5-batch5.md",""
"BB Files","https://github.com/luiz-depaiva/bb-files",404,false,617,"50+","Productivity Utilities (25 Skills)","File Managers (6)","skill-research-phase5-batch5.md",""
"Nylas Mail","https://github.com/nylas/nylas-mail",200,true,928,"13k+","Productivity Utilities (25 Skills)","File Managers (6)","skill-research-phase5-batch5.md",""
"Mailspring","https://github.com/Foundry376/Mailspring",200,true,877,"15k+","Productivity Utilities (25 Skills)","File Managers (6)","skill-research-phase5-batch5.md",""
"Moar","https://github.com/walles/moar",200,true,947,"2k+","Productivity Utilities (25 Skills)","File Managers (6)","skill-research-phase5-batch5.md",""
"FiraCode","https://github.com/tonsky/FiraCode",200,true,913,"70k+","Productivity Utilities (25 Skills)","File Managers (6)","skill-research-phase5-batch5.md",""
"Ulauncher","https://github.com/Ulauncher/Ulauncher",200,true,879,"10k+","Productivity Utilities (25 Skills)","Launcher Tools (7)","skill-research-phase5-batch5.md",""
"Emacs Plus","https://github.com/d12frosted/homebrew-emacs-plus",200,true,1174,"2k+","Productivity Utilities (25 Skills)","Launcher Tools (7)","skill-research-phase5-batch5.md",""
"Launchbar VSCode","https://github.com/pierrickmonnot/LauchbarVSCode",404,false,615,"100+","Productivity Utilities (25 Skills)","Launcher Tools (7)","skill-research-phase5-batch5.md",""
"Rebound","https://github.com/shobrook/rebound",200,true,981,"300+","Productivity Utilities (25 Skills)","Launcher Tools (7)","skill-research-phase5-batch5.md",""
"Clif","https://github.com/kylef/clif",404,false,600,"100+","Productivity Utilities (25 Skills)","Launcher Tools (7)","skill-research-phase5-batch5.md",""
"Gitify","https://github.com/djbin/gitify",404,false,588,"200+","Productivity Utilities (25 Skills)","Launcher Tools (7)","skill-research-phase5-batch5.md",""
"Sidebar Dropdown","https://github.com/sebastiencs/sidebar-dropdown",404,false,571,"100+","Productivity Utilities (25 Skills)","Launcher Tools (7)","skill-research-phase5-batch5.md",""
"Heroicons","https://github.com/tailwindlabs/heroicons",200,true,883,"20k+","Design Tools (25 Skills)","Icon Libraries (5)","skill-research-phase5-batch6.md",""
"Tabler Icons","https://github.com/tabler/tabler-icons",200,true,994,"17k+","Design Tools (25 Skills)","Icon Libraries (5)","skill-research-phase5-batch6.md",""
"Phosphor Icons","https://github.com/phosphor-icons/phosphor-icons",200,true,886,"12k+","Design Tools (25 Skills)","Icon Libraries (5)","skill-research-phase5-batch6.md",""
"Shadcn/ui","https://github.com/shadcn-ui/ui",200,true,803,"65k+","Design Tools (25 Skills)","Design Systems & UI Kits (5)","skill-research-phase5-batch6.md",""
"Chakra UI","https://github.com/chakra-ui/chakra-ui",200,true,1055,"37k+","Design Tools (25 Skills)","Design Systems & UI Kits (5)","skill-research-phase5-batch6.md",""
"Mantine UI","https://github.com/mantinedev/mantine",200,true,816,"24k+","Design Tools (25 Skills)","Design Systems & UI Kits (5)","skill-research-phase5-batch6.md",""
"Penpot","https://github.com/penpot/penpot",200,true,863,"31k+","Design Tools (25 Skills)","Prototyping & Design Tools (5)","skill-research-phase5-batch6.md",""
"Excalidraw","https://github.com/excalidraw/excalidraw",200,true,942,"78k+","Design Tools (25 Skills)","Prototyping & Design Tools (5)","skill-research-phase5-batch6.md",""
"tldraw","https://github.com/tldraw/tldraw",200,true,913,"29k+","Design Tools (25 Skills)","Prototyping & Design Tools (5)","skill-research-phase5-batch6.md",""
"Framer Motion","https://github.com/framer/motion",200,true,1018,"23k+","Design Tools (25 Skills)","Prototyping & Design Tools (5)","skill-research-phase5-batch6.md",""
"React Spring","https://github.com/pmndrs/react-spring",200,true,1024,"23k+","Design Tools (25 Skills)","Prototyping & Design Tools (5)","skill-research-phase5-batch6.md",""
"Google Fonts","https://github.com/google/fonts",200,true,918,"18k+","Design Tools (25 Skills)","Color & Typography (5)","skill-research-phase5-batch6.md",""
"Mattermost","https://github.com/mattermost/mattermost",200,true,909,"28k+","Collaboration Tools (25 Skills)","Team Communication (5)","skill-research-phase5-batch6.md",""
"Zulip","https://github.com/zulip/zulip",200,true,976,"21k+","Collaboration Tools (25 Skills)","Team Communication (5)","skill-research-phase5-batch6.md",""
"Rocket.Chat","https://github.com/RocketChat/Rocket.Chat",200,true,956,"39k+","Collaboration Tools (25 Skills)","Team Communication (5)","skill-research-phase5-batch6.md",""
"Element","https://github.com/vector-im/element-web",200,true,1038,"11k+","Collaboration Tools (25 Skills)","Team Communication (5)","skill-research-phase5-batch6.md",""
"Taiga","https://github.com/taigaio/taiga-back",200,true,895,"15k+","Collaboration Tools (25 Skills)","Project Management (5)","skill-research-phase5-batch6.md",""
"Docusaurus","https://github.com/facebook/docusaurus",200,true,938,"53k+","Collaboration Tools (25 Skills)","Documentation & Knowledge (5)","skill-research-phase5-batch6.md",""
"GitBook","https://github.com/GitbookIO/gitbook",200,true,987,"29k+","Collaboration Tools (25 Skills)","Documentation & Knowledge (5)","skill-research-phase5-batch6.md",""
"VitePress","https://github.com/vuejs/vitepress",200,true,875,"21k+","Collaboration Tools (25 Skills)","Documentation & Knowledge (5)","skill-research-phase5-batch6.md",""
"Phabricator","https://github.com/phacility/phabricator",200,true,940,"10k+","Collaboration Tools (25 Skills)","Code Review & Quality (5)","skill-research-phase5-batch6.md",""
"Obsidian","https://github.com/obsidianmd/obsidian-releases",200,true,902,"34k+","Collaboration Tools (25 Skills)","Note-Taking & Workflow (5)","skill-research-phase5-batch6.md",""
"Logseq","https://github.com/logseq/logseq",200,true,1051,"31k+","Collaboration Tools (25 Skills)","Note-Taking & Workflow (5)","skill-research-phase5-batch6.md",""
"Joplin","https://github.com/laurent22/joplin",200,true,936,"45k+","Collaboration Tools (25 Skills)","Note-Taking & Workflow (5)","skill-research-phase5-batch6.md",""
"AppFlowy","https://github.com/AppFlowy-IO/AppFlowy",200,true,859,"54k+","Collaboration Tools (25 Skills)","Note-Taking & Workflow (5)","skill-research-phase5-batch6.md",""
"n8n","https://github.com/n8n-io/n8n",200,true,1016,"52k+","Collaboration Tools (25 Skills)","Note-Taking & Workflow (5)","skill-research-phase5-batch6.md",""
"GistPad","https://github.com/vedantmgoyal9/gistpad",404,false,639,"890+","Developer Utilities (20 Skills)","Snippet Management (5)","skill-research-phase5-batch6.md",""
"Node-RED","https://github.com/node-red/node-red",200,true,861,"19k+","Developer Utilities (20 Skills)","Workflow Automation (5)","skill-research-phase5-batch6.md",""
"Huginn","https://github.com/huginn/huginn",200,true,990,"43k+","Developer Utilities (20 Skills)","Workflow Automation (5)","skill-research-phase5-batch6.md",""
"Affine","https://github.com/toeverything/AFFiNE",200,true,973,"32k+","Developer Utilities (20 Skills)","Workflow Automation (5)","skill-research-phase5-batch6.md",""
"Tmux","https://github.com/tmux/tmux",200,true,867,"33k+","Developer Utilities (20 Skills)","Terminal & Dev Tools (5)","skill-research-phase5-batch6.md",""
"TPM","https://github.com/tmux-plugins/tpm",200,true,875,"13k+","Developer Utilities (20 Skills)","Terminal & Dev Tools (5)","skill-research-phase5-batch6.md",""
"DevOps Snippets","https://github.com/mhassan8/devops-shell-snippets",404,false,604,"950+","Developer Utilities (20 Skills)","Terminal & Dev Tools (5)","skill-research-phase5-batch6.md",""
"FZF","https://github.com/junegunn/fzf",200,true,956,"61k+","Developer Utilities (20 Skills)","Terminal & Dev Tools (5)","skill-research-phase5-batch6.md",""
"Docker","https://github.com/docker/docker-ce",200,true,928,"69k+","Container Orchestration (35 Skills)","Container Runtimes (5)","skill-research-phase5-batch7.md",""
"Podman","https://github.com/containers/podman",200,true,951,"22k+","Container Orchestration (35 Skills)","Container Runtimes (5)","skill-research-phase5-batch7.md",""
"containerd","https://github.com/containerd/containerd",200,true,972,"16k+","Container Orchestration (35 Skills)","Container Runtimes (5)","skill-research-phase5-batch7.md",""
"Kubernetes","https://github.com/kubernetes/kubernetes",200,true,902,"110k+","Container Orchestration (35 Skills)","Kubernetes Core (5)","skill-research-phase5-batch7.md",""
"minikube","https://github.com/kubernetes/minikube",200,true,1028,"29k+","Container Orchestration (35 Skills)","Kubernetes Distributions (5)","skill-research-phase5-batch7.md",""
"kind","https://github.com/kubernetes-sigs/kind",200,true,921,"13k+","Container Orchestration (35 Skills)","Kubernetes Distributions (5)","skill-research-phase5-batch7.md",""
"k3s","https://github.com/k3s-io/k3s",200,true,1031,"27k+","Container Orchestration (35 Skills)","Kubernetes Distributions (5)","skill-research-phase5-batch7.md",""
"Helm","https://github.com/helm/helm",200,true,839,"26k+","Container Orchestration (35 Skills)","Helm & Package Management (5)","skill-research-phase5-batch7.md",""
"k9s","https://github.com/derailed/k9s",200,true,1248,"25k+","Container Orchestration (35 Skills)","Kubernetes Tools (5)","skill-research-phase5-batch7.md",""
"kubectx","https://github.com/ahmetb/kubectx",200,true,961,"17k+","Container Orchestration (35 Skills)","Kubernetes Tools (5)","skill-research-phase5-batch7.md",""
"kubens","https://github.com/ahmetb/kubectx",200,true,966,"17k+","Container Orchestration (35 Skills)","Kubernetes Tools (5)","skill-research-phase5-batch7.md",""
"Istio","https://github.com/istio/istio",200,true,924,"35k+","Container Orchestration (35 Skills)","Service Mesh (5)","skill-research-phase5-batch7.md",""
"Linkerd","https://github.com/linkerd/linkerd2",200,true,998,"10k+","Container Orchestration (35 Skills)","Service Mesh (5)","skill-research-phase5-batch7.md",""
"Consul Connect","https://github.com/hashicorp/consul",200,true,1110,"27k+","Container Orchestration (35 Skills)","Service Mesh (5)","skill-research-phase5-batch7.md",""
"Envoy","https://github.com/envoyproxy/envoy",200,true,1006,"24k+","Container Orchestration (35 Skills)","Service Mesh (5)","skill-research-phase5-batch7.md",""
"Cilium","https://github.com/cilium/cilium",200,true,893,"19k+","Container Orchestration (35 Skills)","Container Networking & Storage (5)","skill-research-phase5-batch7.md",""
"Rook","https://github.com/rook/rook",200,true,1091,"12k+","Container Orchestration (35 Skills)","Container Networking & Storage (5)","skill-research-phase5-batch7.md",""
"Jenkins","https://github.com/jenkinsci/jenkins",200,true,870,"23k+","CI/CD Tools (35 Skills)","CI Platforms (5)","skill-research-phase5-batch7.md",""
"GitLab CI","https://github.com/gitlabhq/gitlabhq",200,true,1000,"35k+","CI/CD Tools (35 Skills)","CI Platforms (5)","skill-research-phase5-batch7.md",""
"Drone CI","https://github.com/drone/drone",200,true,913,"29k+","CI/CD Tools (35 Skills)","CI Platforms (5)","skill-research-phase5-batch7.md",""
"Gradle","https://github.com/gradle/gradle",200,true,925,"17k+","CI/CD Tools (35 Skills)","Build Tools (5)","skill-research-phase5-batch7.md",""
"Bazel","https://github.com/bazelbuild/bazel",200,true,994,"23k+","CI/CD Tools (35 Skills)","Build Tools (5)","skill-research-phase5-batch7.md",""
"ArgoCD","https://github.com/argoproj/argo-cd",200,true,932,"17k+","CI/CD Tools (35 Skills)","Continuous Deployment (5)","skill-research-phase5-batch7.md",""
"NixOS","https://github.com/NixOS/nixpkgs",200,true,1056,"12k+","CI/CD Tools (35 Skills)","Continuous Deployment (5)","skill-research-phase5-batch7.md",""
"Terraform","https://github.com/hashicorp/terraform",200,true,939,"42k+","CI/CD Tools (35 Skills)","Infrastructure as Code (5)","skill-research-phase5-batch7.md",""
"Pulumi","https://github.com/pulumi/pulumi",200,true,993,"21k+","CI/CD Tools (35 Skills)","Infrastructure as Code (5)","skill-research-phase5-batch7.md",""
"AWS CDK","https://github.com/aws/aws-cdk",200,true,958,"11k+","CI/CD Tools (35 Skills)","Infrastructure as Code (5)","skill-research-phase5-batch7.md",""
"Ansible","https://github.com/ansible/ansible",200,true,973,"61k+","CI/CD Tools (35 Skills)","Infrastructure as Code (5)","skill-research-phase5-batch7.md",""
"SaltStack","https://github.com/saltstack/salt",200,true,2069,"14k+","CI/CD Tools (35 Skills)","Configuration Management (5)","skill-research-phase5-batch7.md",""
"CFEngine","https://github.com/cfengine/core",200,true,928,"680+","CI/CD Tools (35 Skills)","Configuration Management (5)","skill-research-phase5-batch7.md",""
"Nix","https://github.com/NixOS/nix",200,true,1030,"12k+","CI/CD Tools (35 Skills)","Configuration Management (5)","skill-research-phase5-batch7.md",""
"Selenium","https://github.com/SeleniumHQ/selenium",200,true,1074,"30k+","CI/CD Tools (35 Skills)","Testing & Quality (5)","skill-research-phase5-batch7.md",""
"Cypress","https://github.com/cypress-io/cypress",200,true,969,"46k+","CI/CD Tools (35 Skills)","Testing & Quality (5)","skill-research-phase5-batch7.md",""
"Playwright","https://github.com/microsoft/playwright",200,true,932,"65k+","CI/CD Tools (35 Skills)","Testing & Quality (5)","skill-research-phase5-batch7.md",""
"OWASP ZAP","https://github.com/zaproxy/zaproxy",200,true,1042,"12k+","CI/CD Tools (35 Skills)","Testing & Quality (5)","skill-research-phase5-batch7.md",""
"Semantic Release","https://github.com/semantic-release/semantic-release",200,true,1089,"20k+","CI/CD Tools (35 Skills)","Release Automation (5)","skill-research-phase5-batch7.md",""
"GoReleaser","https://github.com/goreleaser/goreleaser",200,true,1011,"14k+","CI/CD Tools (35 Skills)","Release Automation (5)","skill-research-phase5-batch7.md",""
"AWS CLI","https://github.com/aws/aws-cli",200,true,992,"15k+","Cloud Platforms (35 Skills)","AWS Tools (5)","skill-research-phase5-batch7.md",""
"LocalStack","https://github.com/localstack/localstack",200,true,943,"53k+","Cloud Platforms (35 Skills)","AWS Tools (5)","skill-research-phase5-batch7.md",""
"AWS CDK","https://github.com/aws/aws-cdk",200,true,288,"11k+","Cloud Platforms (35 Skills)","AWS Tools (5)","skill-research-phase5-batch7.md",""
"Serverless Framework","https://github.com/serverless/serverless",200,true,1008,"46k+","Cloud Platforms (35 Skills)","AWS Tools (5)","skill-research-phase5-batch7.md",""
"Azure DevOps","https://github.com/microsoft/azure-devops-cli-extension",200,true,964,"750+","Cloud Platforms (35 Skills)","Azure Tools (5)","skill-research-phase5-batch7.md",""
"Pulumi Azure","https://github.com/pulumi/pulumi-azure",200,true,1003,"820+","Cloud Platforms (35 Skills)","Azure Tools (5)","skill-research-phase5-batch7.md",""
"Skaffold","https://github.com/GoogleContainerTools/skaffold",200,true,1035,"15k+","Cloud Platforms (35 Skills)","GCP Tools (5)","skill-research-phase5-batch7.md",""
"Nomad","https://github.com/hashicorp/nomad",200,true,960,"15k+","Cloud Platforms (35 Skills)","Multi-Cloud (5)","skill-research-phase5-batch7.md",""
"OpenFaaS","https://github.com/openfaas/faas",200,true,989,"26k+","Cloud Platforms (35 Skills)","Serverless (5)","skill-research-phase5-batch7.md",""
"K3s","https://github.com/k3s-io/k3s",200,true,271,"27k+","Cloud Platforms (35 Skills)","Edge Computing (5)","skill-research-phase5-batch7.md",""
"Vercel CLI","https://github.com/vercel/vercel",200,true,958,"13k+","Cloud Platforms (35 Skills)","Cloud Native (5)","skill-research-phase5-batch7.md",""
"Prometheus","https://github.com/prometheus/prometheus",200,true,899,"55k+","Monitoring & Observability (35 Skills)","Metrics & Dashboards (5)","skill-research-phase5-batch7.md",""
"Grafana","https://github.com/grafana/grafana",200,true,1015,"62k+","Monitoring & Observability (35 Skills)","Metrics & Dashboards (5)","skill-research-phase5-batch7.md",""
"Victoria Metrics","https://github.com/VictoriaMetrics/VictoriaMetrics",200,true,1024,"11k+","Monitoring & Observability (35 Skills)","Metrics & Dashboards (5)","skill-research-phase5-batch7.md",""
"Thanos","https://github.com/thanos-io/thanos",200,true,1118,"13k+","Monitoring & Observability (35 Skills)","Metrics & Dashboards (5)","skill-research-phase5-batch7.md",""
"ELK Stack","https://github.com/elastic/elasticsearch",200,true,1026,"69k+","Monitoring & Observability (35 Skills)","Logging (5)","skill-research-phase5-batch7.md",""
"Fluentd","https://github.com/fluent/fluentd",200,true,987,"12k+","Monitoring & Observability (35 Skills)","Logging (5)","skill-research-phase5-batch7.md",""
"Loki","https://github.com/grafana/loki",200,true,1029,"22k+","Monitoring & Observability (35 Skills)","Logging (5)","skill-research-phase5-batch7.md",""
"Vector","https://github.com/vectordotdev/vector",200,true,1006,"17k+","Monitoring & Observability (35 Skills)","Logging (5)","skill-research-phase5-batch7.md",""
"Jaeger","https://github.com/jaegertracing/jaeger",200,true,1114,"19k+","Monitoring & Observability (35 Skills)","Tracing (5)","skill-research-phase5-batch7.md",""
"Zipkin","https://github.com/openzipkin/zipkin",200,true,954,"17k+","Monitoring & Observability (35 Skills)","Tracing (5)","skill-research-phase5-batch7.md",""
"SkyWalking","https://github.com/apache/skywalking",200,true,929,"24k+","Monitoring & Observability (35 Skills)","Tracing (5)","skill-research-phase5-batch7.md",""
"Temporal","https://github.com/temporalio/temporal",200,true,875,"11k+","Monitoring & Observability (35 Skills)","Tracing (5)","skill-research-phase5-batch7.md",""
"SigNoz","https://github.com/SigNoz/signoz",200,true,930,"18k+","Monitoring & Observability (35 Skills)","APM & Profiling (5)","skill-research-phase5-batch7.md",""
"Datadog CI","https://github.com/DataDog/datadog-ci",200,true,944,"330+","Monitoring & Observability (35 Skills)","APM & Profiling (5)","skill-research-phase5-batch7.md",""
"Uptime Kuma","https://github.com/louislam/uptime-kuma",200,true,835,"58k+","Monitoring & Observability (35 Skills)","Uptime & Health (5)","skill-research-phase5-batch7.md",""
"Upptime","https://github.com/upptime/upptime",200,true,1216,"15k+","Monitoring & Observability (35 Skills)","Uptime & Health (5)","skill-research-phase5-batch7.md",""
"Oh Dear","https://github.com/ohdearapp/ohdear-app",404,false,591,"450+","Monitoring & Observability (35 Skills)","Uptime & Health (5)","skill-research-phase5-batch7.md",""
"Opsgenie","https://github.com/opsgenie/opsgenie-php-sdk",404,false,654,"320+","Monitoring & Observability (35 Skills)","Incident Response (5)","skill-research-phase5-batch7.md",""
"PagerDuty","https://github.com/PagerDuty/pdagent",200,true,894,"210+","Monitoring & Observability (35 Skills)","Incident Response (5)","skill-research-phase5-batch7.md",""
"Squadcast","https://github.com/squadcasthq/squadcast-tools",404,false,614,"140+","Monitoring & Observability (35 Skills)","Incident Response (5)","skill-research-phase5-batch7.md",""
"FireHydrant","https://github.com/firehydrant/api-client-go",200,true,990,"120+","Monitoring & Observability (35 Skills)","Incident Response (5)","skill-research-phase5-batch7.md",""
"LangChain","https://github.com/langchain-ai/langchain",200,true,967,"95k+","LLM Frameworks & Libraries (15)","","skill-research-phase5-batch8.md",""
"LlamaIndex","https://github.com/run-llama/llama_index",200,true,966,"38k+","LLM Frameworks & Libraries (15)","","skill-research-phase5-batch8.md",""
"Transformers","https://github.com/huggingface/transformers",200,true,1068,"135k+","LLM Frameworks & Libraries (15)","","skill-research-phase5-batch8.md",""
"Ollama","https://github.com/ollama/ollama",200,true,891,"92k+","LLM Frameworks & Libraries (15)","","skill-research-phase5-batch8.md",""
"vLLM","https://github.com/vllm-project/vllm",200,true,889,"32k+","LLM Frameworks & Libraries (15)","","skill-research-phase5-batch8.md",""
"Text Generation Inference","https://github.com/huggingface/text-generation-inference",200,true,955,"18k+","LLM Frameworks & Libraries (15)","","skill-research-phase5-batch8.md",""
"AutoGPTQ","https://github.com/AutoGPTQ/AutoGPTQ",200,true,850,"16k+","LLM Frameworks & Libraries (15)","","skill-research-phase5-batch8.md",""
"GPTQ-for-LLaMA","https://github.com/qwopqwop200/GPTQ-for-LLaMA",200,true,886,"12k+","LLM Frameworks & Libraries (15)","","skill-research-phase5-batch8.md",""
"LocalAI","https://github.com/mudler/LocalAI",200,true,970,"22k+","LLM Frameworks & Libraries (15)","","skill-research-phase5-batch8.md",""
"FastChat","https://github.com/lm-sys/FastChat",200,true,921,"37k+","LLM Frameworks & Libraries (15)","","skill-research-phase5-batch8.md",""
"LiteLLM","https://github.com/BerriAI/litellm",200,true,935,"12k+","LLM Frameworks & Libraries (15)","","skill-research-phase5-batch8.md",""
"Instructor","https://github.com/jxnl/instructor",200,true,1019,"8k+","LLM Frameworks & Libraries (15)","","skill-research-phase5-batch8.md",""
"Guidance","https://github.com/guidance-ai/guidance",200,true,899,"18k+","LLM Frameworks & Libraries (15)","","skill-research-phase5-batch8.md",""
"Outlines","https://github.com/outlines-dev/outlines",200,true,971,"8k+","LLM Frameworks & Libraries (15)","","skill-research-phase5-batch8.md",""
"Semantic Kernel","https://github.com/microsoft/semantic-kernel",200,true,1047,"22k+","LLM Frameworks & Libraries (15)","","skill-research-phase5-batch8.md",""
"Chroma","https://github.com/chroma-core/chroma",200,true,953,"15k+","Vector Databases & RAG (12)","","skill-research-phase5-batch8.md",""
"Pinecone","https://github.com/pinecone-io/pinecone-ts-client",200,true,1114,"2k+","Vector Databases & RAG (12)","","skill-research-phase5-batch8.md",""
"Qdrant","https://github.com/qdrant/qdrant",200,true,1042,"20k+","Vector Databases & RAG (12)","","skill-research-phase5-batch8.md",""
"Weaviate","https://github.com/weaviate/weaviate",200,true,985,"11k+","Vector Databases & RAG (12)","","skill-research-phase5-batch8.md",""
"Milvus","https://github.com/milvus-io/milvus",200,true,894,"28k+","Vector Databases & RAG (12)","","skill-research-phase5-batch8.md",""
"FAISS","https://github.com/facebookresearch/faiss",200,true,945,"30k+","Vector Databases & RAG (12)","","skill-research-phase5-batch8.md",""
"pgvector","https://github.com/pgvector/pgvector",200,true,1076,"12k+","Vector Databases & RAG (12)","","skill-research-phase5-batch8.md",""
"LanceDB","https://github.com/lancedb/lancedb",200,true,899,"6k+","Vector Databases & RAG (12)","","skill-research-phase5-batch8.md",""
"MyScale","https://github.com/myscale/myscaledb",200,true,945,"4k+","Vector Databases & RAG (12)","","skill-research-phase5-batch8.md",""
"Vespa","https://github.com/vespa-engine/vespa",200,true,965,"6k+","Vector Databases & RAG (12)","","skill-research-phase5-batch8.md",""
"Zilliz Cloud","https://github.com/zilliztech/milvus",200,true,1147,"28k+","Vector Databases & RAG (12)","","skill-research-phase5-batch8.md",""
"Supabase Vector","https://github.com/supabase/vecs",200,true,939,"3k+","Vector Databases & RAG (12)","","skill-research-phase5-batch8.md",""
"AutoGPT","https://github.com/Significant-Gravitas/AutoGPT",200,true,884,"165k+","AI Agents & Tools (14)","","skill-research-phase5-batch8.md",""
"CrewAI","https://github.com/joaomdmoura/crewAI",200,true,848,"15k+","AI Agents & Tools (14)","","skill-research-phase5-batch8.md",""
"LangGraph","https://github.com/langchain-ai/langgraph",200,true,1522,"14k+","AI Agents & Tools (14)","","skill-research-phase5-batch8.md",""
"AutoGen","https://github.com/microsoft/autogen",200,true,988,"32k+","AI Agents & Tools (14)","","skill-research-phase5-batch8.md",""
"OpenAI Swarm","https://github.com/openai/swarm",200,true,936,"12k+","AI Agents & Tools (14)","","skill-research-phase5-batch8.md",""
"AgentOps","https://github.com/AgentOps-AI/agentops",200,true,889,"5k+","AI Agents & Tools (14)","","skill-research-phase5-batch8.md",""
"MemGPT","https://github.com/cpacker/MemGPT",200,true,1013,"13k+","AI Agents & Tools (14)","","skill-research-phase5-batch8.md",""
"MetaGPT","https://github.com/geekan/MetaGPT",200,true,930,"48k+","AI Agents & Tools (14)","","skill-research-phase5-batch8.md",""
"SuperAGI","https://github.com/TransformerOptimus/SuperAGI",200,true,1001,"18k+","AI Agents & Tools (14)","","skill-research-phase5-batch8.md",""
"BabyAGI","https://github.com/yoheinakajima/babyagi",200,true,831,"42k+","AI Agents & Tools (14)","","skill-research-phase5-batch8.md",""
"Dify","https://github.com/langgenius/dify",200,true,989,"55k+","AI Agents & Tools (14)","","skill-research-phase5-batch8.md",""
"Flowise","https://github.com/FlowiseAI/Flowise",200,true,943,"32k+","AI Agents & Tools (14)","","skill-research-phase5-batch8.md",""
"Langflow","https://github.com/logspace-ai/langflow",200,true,906,"32k+","AI Agents & Tools (14)","","skill-research-phase5-batch8.md",""
"Continue","https://github.com/continuedev/continue",200,true,855,"18k+","AI Agents & Tools (14)","","skill-research-phase5-batch8.md",""
"Datasets","https://github.com/huggingface/datasets",200,true,913,"18k+","Model Hubs & Datasets (10)","","skill-research-phase5-batch8.md",""
"Hub CLI","https://github.com/huggingface/huggingface_hub",200,true,2248,"5k+","Model Hubs & Datasets (10)","","skill-research-phase5-batch8.md",""
"Datasette","https://github.com/simonw/datasette",200,true,1170,"10k+","Model Hubs & Datasets (10)","","skill-research-phase5-batch8.md",""
"MosaicML","https://github.com/mosaicml/streaming",200,true,899,"3k+","Model Hubs & Datasets (10)","","skill-research-phase5-batch8.md",""
"Roboflow Universe","https://github.com/roboflow/roboflow",404,false,614,"7k+","Model Hubs & Datasets (10)","","skill-research-phase5-batch8.md",""
"Kaggle API","https://github.com/Kaggle/kaggle-api",200,true,967,"5k+","Model Hubs & Datasets (10)","","skill-research-phase5-batch8.md",""
"opendatasets","https://github.com/corporaStudio/opendatasets",404,false,579,"3k+","Model Hubs & Datasets (10)","","skill-research-phase5-batch8.md",""
"DataHub","https://github.com/acryldata/datahub",200,true,973,"10k+","Model Hubs & Datasets (10)","","skill-research-phase5-batch8.md",""
"Amundsen","https://github.com/amundsen-io/amundsen",200,true,987,"6k+","Model Hubs & Datasets (10)","","skill-research-phase5-batch8.md",""
"DataHub Plugin","https://github.com/datahub-project/datahub",200,true,1004,"11k+","Model Hubs & Datasets (10)","","skill-research-phase5-batch8.md",""
"PEFT","https://github.com/huggingface/peft",200,true,1787,"16k+","Model Training & Fine-tuning (12)","","skill-research-phase5-batch8.md",""
"Axolotl","https://github.com/OpenAccess-AI-Collective/axolotl",200,true,927,"10k+","Model Training & Fine-tuning (12)","","skill-research-phase5-batch8.md",""
"LLaMA-Factory","https://github.com/hiyouga/LLaMA-Factory",200,true,937,"22k+","Model Training & Fine-tuning (12)","","skill-research-phase5-batch8.md",""
"trl","https://github.com/huggingface/trl",200,true,793,"18k+","Model Training & Fine-tuning (12)","","skill-research-phase5-batch8.md",""
"DeepSpeed","https://github.com/microsoft/DeepSpeed",200,true,938,"35k+","Model Training & Fine-tuning (12)","","skill-research-phase5-batch8.md",""
"Megatron-LM","https://github.com/NVIDIA/Megatron-LM",200,true,947,"9k+","Model Training & Fine-tuning (12)","","skill-research-phase5-batch8.md",""
"Lit-GPT","https://github.com/Lightning-AI/lit-gpt",200,true,872,"8k+","Model Training & Fine-tuning (12)","","skill-research-phase5-batch8.md",""
"MosaicML LLM","https://github.com/mosaicml/llm-foundry",200,true,917,"5k+","Model Training & Fine-tuning (12)","","skill-research-phase5-batch8.md",""
"Colossal-AI","https://github.com/hpcaitech/ColossalAI",200,true,938,"40k+","Model Training & Fine-tuning (12)","","skill-research-phase5-batch8.md",""
"Flash Attention","https://github.com/Dao-AILab/flash-attention",200,true,880,"28k+","Model Training & Fine-tuning (12)","","skill-research-phase5-batch8.md",""
"Timm","https://github.com/huggingface/pytorch-image-models",200,true,896,"32k+","Model Training & Fine-tuning (12)","","skill-research-phase5-batch8.md",""
"Keras","https://github.com/keras-team/keras",200,true,849,"62k+","Model Training & Fine-tuning (12)","","skill-research-phase5-batch8.md",""
"Prompt foo","https://github.com/promptfoo/promptfoo",200,true,954,"10k+","Prompt Engineering & Management (8)","","skill-research-phase5-batch8.md",""
"PromptLayer","https://github.com/PromptLayer/PromptLayer",404,false,595,"4k+","Prompt Engineering & Management (8)","","skill-research-phase5-batch8.md",""
"Guidance","https://github.com/guidance-ai/guidance",200,true,816,"18k+","Prompt Engineering & Management (8)","","skill-research-phase5-batch8.md",""
"Outlines","https://github.com/outlines-dev/outlines",200,true,250,"8k+","Prompt Engineering & Management (8)","","skill-research-phase5-batch8.md",""
"PromptWatch","https://github.com/promptwatch/promptwatch",404,false,602,"2k+","Prompt Engineering & Management (8)","","skill-research-phase5-batch8.md",""
"Weights & Biases","https://github.com/wandb/wandb",200,true,894,"9k+","Prompt Engineering & Management (8)","","skill-research-phase5-batch8.md",""
"MLflow","https://github.com/mlflow/mlflow",200,true,1048,"18k+","Prompt Engineering & Management (8)","","skill-research-phase5-batch8.md",""
"Comet ML","https://github.com/comet-ml/comet-python",404,false,577,"4k+","Prompt Engineering & Management (8)","","skill-research-phase5-batch8.md",""
"Diffusers","https://github.com/huggingface/diffusers",200,true,1007,"32k+","Vision & Multimodal (10)","","skill-research-phase5-batch8.md",""
"ComfyUI","https://github.com/comfyanonymous/ComfyUI",200,true,892,"55k+","Vision & Multimodal (10)","","skill-research-phase5-batch8.md",""
"Automatic1111","https://github.com/AUTOMATIC1111/stable-diffusion-webui",200,true,840,"135k+","Vision & Multimodal (10)","","skill-research-phase5-batch8.md",""
"Fooocus","https://github.com/lllyasviel/Fooocus",200,true,953,"42k+","Vision & Multimodal (10)","","skill-research-phase5-batch8.md",""
"InvokeAI","https://github.com/invoke-ai/InvokeAI",200,true,909,"25k+","Vision & Multimodal (10)","","skill-research-phase5-batch8.md",""
"OpenCV","https://github.com/opencv/opencv",200,true,885,"77k+","Vision & Multimodal (10)","","skill-research-phase5-batch8.md",""
"YOLO","https://github.com/ultralytics/ultralytics",200,true,947,"30k+","Vision & Multimodal (10)","","skill-research-phase5-batch8.md",""
"Segment Anything","https://github.com/facebookresearch/segment-anything",200,true,1060,"45k+","Vision & Multimodal (10)","","skill-research-phase5-batch8.md",""
"LaMa","https://github.com/advimman/lama",200,true,1031,"11k+","Vision & Multimodal (10)","","skill-research-phase5-batch8.md",""
"BLIP","https://github.com/salesforce/BLIP",200,true,1005,"8k+","Vision & Multimodal (10)","","skill-research-phase5-batch8.md",""
"Whisper","https://github.com/openai/whisper",200,true,907,"62k+","Speech & Audio (6)","","skill-research-phase5-batch8.md",""
"Whisper.cpp","https://github.com/ggerganov/whisper.cpp",200,true,1137,"35k+","Speech & Audio (6)","","skill-research-phase5-batch8.md",""
"Coqui TTS","https://github.com/coqui-ai/TTS",200,true,989,"32k+","Speech & Audio (6)","","skill-research-phase5-batch8.md",""
"Bark","https://github.com/suno-ai/bark",200,true,812,"32k+","Speech & Audio (6)","","skill-research-phase5-batch8.md",""
"SeamlessM4T","https://github.com/facebookresearch/seamless_communication",200,true,910,"8k+","Speech & Audio (6)","","skill-research-phase5-batch8.md",""
"Torch Audio","https://github.com/pytorch/audio",200,true,860,"3k+","Speech & Audio (6)","","skill-research-phase5-batch8.md",""
"Jan","https://github.com/janhq/jan",200,true,1048,"26k+","AI Development Tools (12)","","skill-research-phase5-batch8.md",""
"Open WebUI","https://github.com/open-webui/open-webui",200,true,961,"52k+","AI Development Tools (12)","","skill-research-phase5-batch8.md",""
"LibreChat","https://github.com/danny-avila/LibreChat",200,true,844,"18k+","AI Development Tools (12)","","skill-research-phase5-batch8.md",""
"Anything LLM","https://github.com/Mintplex-Labs/anything-llm",200,true,979,"22k+","AI Development Tools (12)","","skill-research-phase5-batch8.md",""
"Open Interpreter","https://github.com/OpenInterpreter/open-interpreter",200,true,909,"55k+","AI Development Tools (12)","","skill-research-phase5-batch8.md",""
"Aider","https://github.com/paul-gauthier/aider",200,true,880,"15k+","AI Development Tools (12)","","skill-research-phase5-batch8.md",""
"Cursor","https://github.com/getcursor/cursor",200,true,875,"8k+","AI Development Tools (12)","","skill-research-phase5-batch8.md",""
"Continue","https://github.com/continuedev/continue",200,true,889,"18k+","AI Development Tools (12)","","skill-research-phase5-batch8.md",""
"Tabby","https://github.com/TabbyML/tabby",200,true,993,"22k+","AI Development Tools (12)","","skill-research-phase5-batch8.md",""
"CodeGPT","https://github.com/daniel-no/CodeGPT",404,false,606,"5k+","AI Development Tools (12)","","skill-research-phase5-batch8.md",""
"Copilot.vim","https://github.com/github/copilot.vim",200,true,879,"8k+","AI Development Tools (12)","","skill-research-phase5-batch8.md",""
"Refact","https://github.com/smallcloudai/refact",200,true,903,"3k+","AI Development Tools (12)","","skill-research-phase5-batch8.md",""
"BentoML","https://github.com/bentoml/BentoML",200,true,921,"7k+","ML MLOps & Deployment (10)","","skill-research-phase5-batch8.md",""
"KServe","https://github.com/kserve/kserve",200,true,924,"4k+","ML MLOps & Deployment (10)","","skill-research-phase5-batch8.md",""
"Seldon Core","https://github.com/SeldonIO/seldon-core",200,true,914,"4k+","ML MLOps & Deployment (10)","","skill-research-phase5-batch8.md",""
"Torch Serve","https://github.com/pytorch/serve",200,true,888,"4k+","ML MLOps & Deployment (10)","","skill-research-phase5-batch8.md",""
"TF Serve","https://github.com/tensorflow/serving",200,true,892,"4k+","ML MLOps & Deployment (10)","","skill-research-phase5-batch8.md",""
"Triton","https://github.com/triton-inference-server/server",200,true,938,"7k+","ML MLOps & Deployment (10)","","skill-research-phase5-batch8.md",""
"Cortex","https://github.com/cortexlabs/cortex",200,true,972,"5k+","ML MLOps & Deployment (10)","","skill-research-phase5-batch8.md",""
"MLflow","https://github.com/mlflow/mlflow",200,true,282,"18k+","ML MLOps & Deployment (10)","","skill-research-phase5-batch8.md",""
"DVC","https://github.com/iterative/dvc",200,true,937,"15k+","ML MLOps & Deployment (10)","","skill-research-phase5-batch8.md",""
"Pachyderm","https://github.com/pachyderm/pachyderm",200,true,1025,"4k+","ML MLOps & Deployment (10)","","skill-research-phase5-batch8.md",""
"btop","https://github.com/aristocratos/btop",200,true,904,"21k+","System Tools & Process Management (8)","","skill-research-phase5-batch8.md",""
"htop","https://github.com/htop-dev/htop",200,true,1089,"7k+","System Tools & Process Management (8)","","skill-research-phase5-batch8.md",""
"glances","https://github.com/nicolargo/glances",200,true,1005,"25k+","System Tools & Process Management (8)","","skill-research-phase5-batch8.md",""
"netdata","https://github.com/netdata/netdata",200,true,961,"68k+","System Tools & Process Management (8)","","skill-research-phase5-batch8.md",""
"tmux","https://github.com/tmux/tmux",200,true,861,"2k+","System Tools & Process Management (8)","","skill-research-phase5-batch8.md",""
"zellij","https://github.com/zellij-org/zellij",200,true,935,"20k+","System Tools & Process Management (8)","","skill-research-phase5-batch8.md",""
"screen","https://github.com/opensource-apple/screen",404,false,607,"1k+","System Tools & Process Management (8)","","skill-research-phase5-batch8.md",""
"byobu","https://github.com/dustinkirkland/byobu",200,true,966,"2k+","System Tools & Process Management (8)","","skill-research-phase5-batch8.md",""
"ripgrep (rg)","https://github.com/BurntSushi/ripgrep",200,true,890,"48k+","File & Data Tools (8)","","skill-research-phase5-batch8.md",""
"fd","https://github.com/sharkdp/fd",200,true,984,"32k+","File & Data Tools (8)","","skill-research-phase5-batch8.md",""
"fzf","https://github.com/junegunn/fzf",200,true,1184,"65k+","File & Data Tools (8)","","skill-research-phase5-batch8.md",""
"bat","https://github.com/sharkdp/bat",200,true,1170,"50k+","File & Data Tools (8)","","skill-research-phase5-batch8.md",""
"exa","https://github.com/ogham/exa",200,true,894,"24k+","File & Data Tools (8)","","skill-research-phase5-batch8.md",""
"eza","https://github.com/eza-community/eza",200,true,1084,"10k+","File & Data Tools (8)","","skill-research-phase5-batch8.md",""
"dust","https://github.com/bootandy/dust",200,true,904,"6k+","File & Data Tools (8)","","skill-research-phase5-batch8.md",""
"duf","https://github.com/muesli/duf",200,true,946,"6k+","File & Data Tools (8)","","skill-research-phase5-batch8.md",""
"curl","https://github.com/curl/curl",200,true,864,"35k+","Network & HTTP Tools (8)","","skill-research-phase5-batch8.md",""
"HTTPie","https://github.com/httpie/httpie",200,true,944,"33k+","Network & HTTP Tools (8)","","skill-research-phase5-batch8.md",""
"wget","https://github.com/mirror/wget",200,true,1081,"3k+","Network & HTTP Tools (8)","","skill-research-phase5-batch8.md",""
"ngrok","https://github.com/inconshreveable/ngrok",200,true,1037,"27k+","Network & HTTP Tools (8)","","skill-research-phase5-batch8.md",""
"cloudflare tunnel","https://github.com/cloudflare/cloudflared",200,true,1035,"9k+","Network & HTTP Tools (8)","","skill-research-phase5-batch8.md",""
"frp","https://github.com/fatedier/frp",200,true,1109,"85k+","Network & HTTP Tools (8)","","skill-research-phase5-batch8.md",""
"nmap","https://github.com/nmap/nmap",200,true,1076,"10k+","Network & HTTP Tools (8)","","skill-research-phase5-batch8.md",""
"tcpdump","https://github.com/the-tcpdump-group/tcpdump",200,true,964,"3k+","Network & HTTP Tools (8)","","skill-research-phase5-batch8.md",""
"starship","https://github.com/starship/starship",200,true,882,"42k+","Command Line Productivity (8)","","skill-research-phase5-batch8.md",""
"oh-my-zsh","https://github.com/ohmyzsh/ohmyzsh",200,true,933,"170k+","Command Line Productivity (8)","","skill-research-phase5-batch8.md",""
"fish","https://github.com/fish-shell/fish-shell",200,true,941,"25k+","Command Line Productivity (8)","","skill-research-phase5-batch8.md",""
"zsh-autosuggestions","https://github.com/zsh-users/zsh-autosuggestions",200,true,995,"30k+","Command Line Productivity (8)","","skill-research-phase5-batch8.md",""
"zsh-syntax-highlighting","https://github.com/zsh-users/zsh-syntax-highlighting",200,true,1098,"30k+","Command Line Productivity (8)","","skill-research-phase5-batch8.md",""
"direnv","https://github.com/direnv/direnv",200,true,897,"12k+","Command Line Productivity (8)","","skill-research-phase5-batch8.md",""
"zoxide","https://github.com/ajeetdsouza/zoxide",200,true,934,"22k+","Command Line Productivity (8)","","skill-research-phase5-batch8.md",""
"atuin","https://github.com/ellie/atuin",200,true,2786,"20k+","Command Line Productivity (8)","","skill-research-phase5-batch8.md",""
"jq","https://github.com/jqlang/jq",200,true,838,"30k+","Text Processing & Utils (8)","","skill-research-phase5-batch8.md",""
"yq","https://github.com/mikefarah/yq",200,true,914,"12k+","Text Processing & Utils (8)","","skill-research-phase5-batch8.md",""
"sd","https://github.com/chipsenkbeil/sd",404,false,644,"6k+","Text Processing & Utils (8)","","skill-research-phase5-batch8.md",""
"sed","https://github.com/mirror/sed",200,true,978,"1k+","Text Processing & Utils (8)","","skill-research-phase5-batch8.md",""
"awk","https://github.com/onetrueawk/awk",200,true,830,"2k+","Text Processing & Utils (8)","","skill-research-phase5-batch8.md",""
"grep","https://github.com/BurntSushi/ripgrep",200,true,269,"48k+","Text Processing & Utils (8)","","skill-research-phase5-batch8.md",""
"delta","https://github.com/dandavison/delta",200,true,1027,"22k+","Text Processing & Utils (8)","","skill-research-phase5-batch8.md",""
"diff-so-fancy","https://github.com/so-fancy/diff-so-fancy",200,true,865,"8k+","Text Processing & Utils (8)","","skill-research-phase5-batch8.md",""
"zstd","https://github.com/facebook/zstd",200,true,960,"23k+","Archive & Compression (4)","","skill-research-phase5-batch8.md",""
"pigz","https://github.com/madler/pigz",200,true,877,"4k+","Archive & Compression (4)","","skill-research-phase5-batch8.md",""
"pixz","https://github.com/josh/pixz",404,false,594,"2k+","Archive & Compression (4)","","skill-research-phase5-batch8.md",""
"unzip","https://github.com/madler/unzip",200,true,1119,"1k+","Archive & Compression (4)","","skill-research-phase5-batch8.md",""
"age","https://github.com/FiloSottile/age",200,true,899,"17k+","Security & Encryption (5)","","skill-research-phase5-batch8.md",""
"gpg","https://github.com/gpg/gnupg",200,true,1006,"4k+","Security & Encryption (5)","","skill-research-phase5-batch8.md",""
"openssl","https://github.com/openssl/openssl",200,true,984,"25k+","Security & Encryption (5)","","skill-research-phase5-batch8.md",""
"certbot","https://github.com/certbot/certbot",200,true,969,"7k+","Security & Encryption (5)","","skill-research-phase5-batch8.md",""
"pass","https://github.com/zx2c4/password-store",200,true,833,"8k+","Security & Encryption (5)","","skill-research-phase5-batch8.md",""
"tokei","https://github.com/XAMPPRocky/tokei",200,true,1011,"10k+","Developer Utilities (5)","","skill-research-phase5-batch8.md",""
"hyperfine","https://github.com/sharkdp/hyperfine",200,true,884,"21k+","Developer Utilities (5)","","skill-research-phase5-batch8.md",""
"gnu time","https://github.com/qhuydg/time",404,false,617,"1k+","Developer Utilities (5)","","skill-research-phase5-batch8.md",""
"jq","https://github.com/jqlang/jq",200,true,306,"30k+","Developer Utilities (5)","","skill-research-phase5-batch8.md",""
"httpie","https://github.com/httpie/httpie",200,true,269,"33k+","Developer Utilities (5)","","skill-research-phase5-batch8.md",""