Name,URL,Stars,Quality,Score,HasContent,RecentUpdate,IsArchived,Language,Category,Subcategory,Reasons
"React","https://github.com/facebook/react",242844,"excellent",7,true,true,false,"JavaScript","JavaScript (10 Skills)","","All criteria met"
"Vue.js","https://github.com/vuejs/core",52917,"excellent",7,true,true,false,"TypeScript","JavaScript (10 Skills)","","All criteria met"
"Next.js","https://github.com/vercel/next.js",137553,"excellent",7,true,true,false,"JavaScript","JavaScript (10 Skills)","","All criteria met"
"Svelte","https://github.com/sveltejs/svelte",85704,"excellent",7,true,true,false,"JavaScript","JavaScript (10 Skills)","","All criteria met"
"Three.js","https://github.com/mrdoob/three.js",110758,"excellent",7,true,true,false,"JavaScript","JavaScript (10 Skills)","","All criteria met"
"Vite","https://github.com/vitejs/vite",78017,"excellent",7,true,true,false,"TypeScript","JavaScript (10 Skills)","","All criteria met"
"Nuxt","https://github.com/nuxt/nuxt",59535,"excellent",7,true,true,false,"TypeScript","JavaScript (10 Skills)","","All criteria met"
"Express.js","https://github.com/expressjs/express",68671,"excellent",7,true,true,false,"JavaScript","JavaScript (10 Skills)","","All criteria met"
"Redux","https://github.com/reduxjs/redux",61449,"excellent",7,true,true,false,"TypeScript","JavaScript (10 Skills)","","All criteria met"
"Axios","https://github.com/axios/axios",108569,"excellent",7,true,true,false,"JavaScript","JavaScript (10 Skills)","","All criteria met"
"TypeScript","https://github.com/microsoft/TypeScript",107712,"excellent",7,true,true,false,"TypeScript","TypeScript (10 Skills)","","All criteria met"
"Angular","https://github.com/angular/angular",99811,"excellent",7,true,true,false,"TypeScript","TypeScript (10 Skills)","","All criteria met"
"NestJS","https://github.com/nestjs/nest",74477,"excellent",7,true,true,false,"TypeScript","TypeScript (10 Skills)","","All criteria met"
"VS Code","https://github.com/microsoft/vscode",181484,"excellent",7,true,true,false,"TypeScript","TypeScript (10 Skills)","","All criteria met"
"Docusaurus","https://github.com/facebook/docusaurus",63695,"excellent",7,true,true,false,"TypeScript","TypeScript (10 Skills)","","All criteria met"
"Prisma","https://github.com/prisma/prisma",45234,"excellent",7,true,true,false,"TypeScript","TypeScript (10 Skills)","","All criteria met"
"Zod","https://github.com/colinhacks/zod",41747,"excellent",7,true,true,false,"TypeScript","TypeScript (10 Skills)","","All criteria met"
"tRPC","https://github.com/trpc/trpc",39502,"excellent",7,true,true,false,"TypeScript","TypeScript (10 Skills)","","All criteria met"
"Effect-TS","https://github.com/Effect-TS/effect",13142,"excellent",7,true,true,false,"TypeScript","TypeScript (10 Skills)","","All criteria met"
"Biome","https://github.com/biomejs/biome",23470,"excellent",7,true,true,false,"Rust","TypeScript (10 Skills)","","All criteria met"
"Django","https://github.com/django/django",86700,"excellent",7,true,true,false,"Python","Python (10 Skills)","","All criteria met"
"FastAPI","https://github.com/tiangolo/fastapi",78k+,"unknown",0,undefined,undefined,undefined,"","Python (10 Skills)","",""
"Flask","https://github.com/pallets/flask",71138,"excellent",7,true,true,false,"Python","Python (10 Skills)","","All criteria met"
"Requests","https://github.com/psf/requests",53713,"excellent",7,true,true,false,"Python","Python (10 Skills)","","All criteria met"
"Pytest","https://github.com/pytest-dev/pytest",13540,"excellent",7,true,true,false,"Python","Python (10 Skills)","","All criteria met"
"Pydantic","https://github.com/pydantic/pydantic",26704,"excellent",7,true,true,false,"Python","Python (10 Skills)","","All criteria met"
"Celery","https://github.com/celery/celery",27977,"excellent",7,true,true,false,"Python","Python (10 Skills)","","All criteria met"
"Poetry","https://github.com/python-poetry/poetry",34188,"excellent",7,true,true,false,"Python","Python (10 Skills)","","All criteria met"
"httpx","https://github.com/encode/httpx",14976,"excellent",7,true,true,false,"Python","Python (10 Skills)","","All criteria met"
"Black","https://github.com/psf/black",41357,"excellent",7,true,true,false,"Python","Python (10 Skills)","","All criteria met"
"Gin","https://github.com/gin-gonic/gin",87917,"excellent",7,true,true,false,"Go","Go (10 Skills)","","All criteria met"
"Echo","https://github.com/labstack/echo",32134,"excellent",7,true,true,false,"Go","Go (10 Skills)","","All criteria met"
"GORM","https://github.com/go-gorm/gorm",39473,"excellent",7,true,true,false,"Go","Go (10 Skills)","","All criteria met"
"Cobra","https://github.com/spf13/cobra",43094,"excellent",7,true,true,false,"Go","Go (10 Skills)","","All criteria met"
"Viper","https://github.com/spf13/viper",29956,"excellent",7,true,true,false,"Go","Go (10 Skills)","","All criteria met"
"Fiber","https://github.com/gofiber/fiber",39132,"excellent",7,true,true,false,"Go","Go (10 Skills)","","All criteria met"
"go-zero","https://github.com/zeromicro/go-zero",32592,"excellent",7,true,true,false,"Go","Go (10 Skills)","","All criteria met"
"testify","https://github.com/stretchr/testify",25749,"excellent",7,true,true,false,"Go","Go (10 Skills)","","All criteria met"
"zap","https://github.com/uber-go/zap",24213,"excellent",7,true,true,false,"Go","Go (10 Skills)","","All criteria met"
"air","https://github.com/cosmtrek/air",16k+,"unknown",0,undefined,undefined,undefined,"","Go (10 Skills)","",""
"Vite","https://github.com/vitejs/vite",78017,"excellent",7,true,true,false,"TypeScript","Build Tools & Bundlers (10 Skills)","","All criteria met"
"esbuild","https://github.com/evanw/esbuild",39684,"excellent",7,true,true,false,"Go","Build Tools & Bundlers (10 Skills)","","All criteria met"
"Webpack","https://github.com/webpack/webpack",65947,"excellent",7,true,true,false,"JavaScript","Build Tools & Bundlers (10 Skills)","","All criteria met"
"Rollup","https://github.com/rollup/rollup",26224,"excellent",7,true,true,false,"JavaScript","Build Tools & Bundlers (10 Skills)","","All criteria met"
"Rspack","https://github.com/web-infra-dev/rspack",12456,"excellent",7,true,true,false,"Rust","Build Tools & Bundlers (10 Skills)","","All criteria met"
"SWC","https://github.com/swc-project/swc",33209,"excellent",7,true,true,false,"Rust","Build Tools & Bundlers (10 Skills)","","All criteria met"
"Turbopack","https://github.com/vercel/next.js",137553,"excellent",7,true,true,false,"JavaScript","Build Tools & Bundlers (10 Skills)","","All criteria met"
"Rsbuild","https://github.com/web-infra-dev/rsbuild",3188,"excellent",7,true,true,false,"TypeScript","Build Tools & Bundlers (10 Skills)","","All criteria met"
"Babel","https://github.com/babel/babel",43877,"excellent",7,true,true,false,"TypeScript","Build Tools & Bundlers (10 Skills)","","All criteria met"
"PostCSS","https://github.com/postcss/postcss",28949,"excellent",7,true,true,false,"TypeScript","Build Tools & Bundlers (10 Skills)","","All criteria met"
"Bootstrap","https://github.com/twbs/bootstrap",173978,"excellent",7,true,true,false,"MDX","CSS Frameworks & UI Libraries (10 Skills)","","All criteria met"
"Tailwind CSS","https://github.com/tailwindlabs/tailwindcss",93407,"excellent",7,true,true,false,"TypeScript","CSS Frameworks & UI Libraries (10 Skills)","","All criteria met"
"Material UI","https://github.com/mui/material-ui",97770,"excellent",7,true,true,false,"JavaScript","CSS Frameworks & UI Libraries (10 Skills)","","All criteria met"
"Ant Design","https://github.com/ant-design/ant-design",97460,"excellent",7,true,true,false,"TypeScript","CSS Frameworks & UI Libraries (10 Skills)","","All criteria met"
"Chakra UI","https://github.com/chakra-ui/chakra-ui",40218,"excellent",7,true,true,false,"TypeScript","CSS Frameworks & UI Libraries (10 Skills)","","All criteria met"
"Shadcn/ui","https://github.com/shadcn-ui/ui",106221,"excellent",7,true,true,false,"TypeScript","CSS Frameworks & UI Libraries (10 Skills)","","All criteria met"
"Radix UI","https://github.com/radix-ui/primitives",18521,"excellent",7,true,true,false,"TypeScript","CSS Frameworks & UI Libraries (10 Skills)","","All criteria met"
"Bulma","https://github.com/jgthms/bulma",48k+,"unknown",0,undefined,undefined,undefined,"","CSS Frameworks & UI Libraries (10 Skills)","",""
"Headless UI","https://github.com/tailwindlabs/headlessui",28377,"excellent",7,true,true,false,"TypeScript","CSS Frameworks & UI Libraries (10 Skills)","","All criteria met"
"Mantine","https://github.com/mantinedev/mantine",25k+,"unknown",0,undefined,undefined,undefined,"","CSS Frameworks & UI Libraries (10 Skills)","",""
"Zustand","https://github.com/pmndrs/zustand",47000,"good",5,true,true,false,"","State Management Libraries (10 Skills)","","Based on research data only"
"Redux Toolkit","https://github.com/reduxjs/redux-toolkit",10000,"good",5,true,true,false,"","State Management Libraries (10 Skills)","","Based on research data only"
"MobX","https://github.com/mobxjs/mobx",27000,"good",5,true,true,false,"","State Management Libraries (10 Skills)","","Based on research data only"
"Jotai","https://github.com/pmndrs/jotai",10000,"good",5,true,true,false,"","State Management Libraries (10 Skills)","","Based on research data only"
"Pinia","https://github.com/vuejs/pinia",13000,"good",5,true,true,false,"","State Management Libraries (10 Skills)","","Based on research data only"
"Recoil","https://github.com/facebookexperimental/Recoil",19000,"good",5,true,true,false,"","State Management Libraries (10 Skills)","","Based on research data only"
"XState","https://github.com/statelyai/xstate",25000,"good",5,true,true,false,"","State Management Libraries (10 Skills)","","Based on research data only"
"Valtio","https://github.com/pmndrs/valtio",5000,"good",5,true,true,false,"","State Management Libraries (10 Skills)","","Based on research data only"
"TanStack Store","https://github.com/TanStack/store",5000,"good",5,true,true,false,"","State Management Libraries (10 Skills)","","Based on research data only"
"SolidJS","https://github.com/solidjs/solid",30000,"good",5,true,true,false,"","State Management Libraries (10 Skills)","","Based on research data only"
"Jest","https://github.com/jestjs/jest",42000,"good",5,true,true,false,"","Frontend Testing Frameworks (10 Skills)","","Based on research data only"
"Vitest","https://github.com/vitest-dev/vitest",12000,"good",5,true,true,false,"","Frontend Testing Frameworks (10 Skills)","","Based on research data only"
"Playwright","https://github.com/microsoft/playwright",64000,"good",5,true,true,false,"","Frontend Testing Frameworks (10 Skills)","","Based on research data only"
"Cypress","https://github.com/cypress-io/cypress",46000,"good",5,true,true,false,"","Frontend Testing Frameworks (10 Skills)","","Based on research data only"
"Testing Library","https://github.com/testing-library/dom-testing-library",45000,"good",5,true,true,false,"","Frontend Testing Frameworks (10 Skills)","","Based on research data only"
"MSW","https://github.com/mswjs/msw",15000,"good",5,true,true,false,"","Frontend Testing Frameworks (10 Skills)","","Based on research data only"
"React Testing Library","https://github.com/testing-library/react-testing-library",19000,"good",5,true,true,false,"","Frontend Testing Frameworks (10 Skills)","","Based on research data only"
"Storybook","https://github.com/storybookjs/storybook",83000,"good",5,true,true,false,"","Frontend Testing Frameworks (10 Skills)","","Based on research data only"
"uvu","https://github.com/lukeed/uvu",3000,"good",5,true,true,false,"","Frontend Testing Frameworks (10 Skills)","","Based on research data only"
"Puppeteer","https://github.com/puppeteer/puppeteer",87000,"good",5,true,true,false,"","Frontend Testing Frameworks (10 Skills)","","Based on research data only"
"Spring Boot","https://github.com/spring-projects/spring-boot",70000,"good",5,true,true,false,"","Java Backend (8 Skills)","","Based on research data only"
"Quarkus","https://github.com/quarkusio/quarkus",13000,"good",5,true,true,false,"","Java Backend (8 Skills)","","Based on research data only"
"Micronaut","https://github.com/micronaut-projects/micronaut-core",6000,"good",5,true,true,false,"","Java Backend (8 Skills)","","Based on research data only"
"Jakarta EE","https://github.com/jakartaee/platform",500,"good",5,true,true,false,"","Java Backend (8 Skills)","","Based on research data only"
"Hibernate ORM","https://github.com/hibernate/hibernate-orm",6000,"good",5,true,true,false,"","Java Backend (8 Skills)","","Based on research data only"
"Apache Tomcat","https://github.com/apache/tomcat",3000,"good",5,true,true,false,"","Java Backend (8 Skills)","","Based on research data only"
"Netty","https://github.com/netty/netty",33000,"good",5,true,true,false,"","Java Backend (8 Skills)","","Based on research data only"
"Spring Security","https://github.com/spring-projects/spring-security",8000,"good",5,true,true,false,"","Java Backend (8 Skills)","","Based on research data only"
"ASP.NET Core","https://github.com/dotnet/aspnetcore",35000,"good",5,true,true,false,"",".NET/Core (6 Skills)","","Based on research data only"
"Entity Framework Core","https://github.com/dotnet/efcore",13000,"good",5,true,true,false,"",".NET/Core (6 Skills)","","Based on research data only"
"Dapr","https://github.com/dapr/dapr",23000,"good",5,true,true,false,"",".NET/Core (6 Skills)","","Based on research data only"
"Orleans","https://github.com/dotnet/orleans",10000,"good",5,true,true,false,"",".NET/Core (6 Skills)","","Based on research data only"
"MassTransit","https://github.com/MassTransit/MassTransit",6000,"good",5,true,true,false,"",".NET/Core (6 Skills)","","Based on research data only"
"Serilog","https://github.com/serilog/serilog",7000,"good",5,true,true,false,"",".NET/Core (6 Skills)","","Based on research data only"
"Ruby on Rails","https://github.com/rails/rails",58000,"good",5,true,true,false,"","Ruby Frameworks (5 Skills)","","Based on research data only"
"Sinatra","https://github.com/sinatra/sinatra",12000,"good",5,true,true,false,"","Ruby Frameworks (5 Skills)","","Based on research data only"
"Hanami","https://github.com/hanami/hanami",6000,"good",5,true,true,false,"","Ruby Frameworks (5 Skills)","","Based on research data only"
"Grape","https://github.com/ruby-grape/grape",10000,"good",5,true,true,false,"","Ruby Frameworks (5 Skills)","","Based on research data only"
"Puma","https://github.com/puma/puma",8000,"good",5,true,true,false,"","Ruby Frameworks (5 Skills)","","Based on research data only"
"Laravel","https://github.com/laravel/framework",80000,"good",5,true,true,false,"","PHP Frameworks (6 Skills)","","Based on research data only"
"Symfony","https://github.com/symfony/symfony",30000,"good",5,true,true,false,"","PHP Frameworks (6 Skills)","","Based on research data only"
"Slim","https://github.com/slimphp/Slim",13000,"good",5,true,true,false,"","PHP Frameworks (6 Skills)","","Based on research data only"
"Yii2","https://github.com/yiisoft/yii2",14000,"good",5,true,true,false,"","PHP Frameworks (6 Skills)","","Based on research data only"
"CodeIgniter 4","https://github.com/codeigniter4/CodeIgniter4",5000,"good",5,true,true,false,"","PHP Frameworks (6 Skills)","","Based on research data only"
"CakePHP","https://github.com/cakephp/cakephp",9000,"good",5,true,true,false,"","PHP Frameworks (6 Skills)","","Based on research data only"
"TypeORM","https://github.com/typeorm/typeorm",34000,"good",5,true,true,false,"","Database ORMs (8 Skills)","","Based on research data only"
"Prisma","https://github.com/prisma/prisma",38000,"good",5,true,true,false,"","Database ORMs (8 Skills)","","Based on research data only"
"MikroORM","https://github.com/mikro-orm/mikro-orm",6000,"good",5,true,true,false,"","Database ORMs (8 Skills)","","Based on research data only"
"Sequelize","https://github.com/sequelize/sequelize",30000,"good",5,true,true,false,"","Database ORMs (8 Skills)","","Based on research data only"
"SQLAlchemy","https://github.com/sqlalchemy/sqlalchemy",10000,"good",5,true,true,false,"","Database ORMs (8 Skills)","","Based on research data only"
"Django ORM","https://github.com/django/django",80000,"good",5,true,true,false,"","Database ORMs (8 Skills)","","Based on research data only"
"Mongoose","https://github.com/Automattic/mongoose",27000,"good",5,true,true,false,"","Database ORMs (8 Skills)","","Based on research data only"
"Peewee","https://github.com/coleifer/peewee",11000,"good",5,true,true,false,"","Database ORMs (8 Skills)","","Based on research data only"
"Apollo Server","https://github.com/apollographql/apollo-server",20000,"good",5,true,true,false,"","API Tools (7 Skills)","","Based on research data only"
"GraphQL Yoga","https://github.com/dotansimha/graphql-yoga",8000,"good",5,true,true,false,"","API Tools (7 Skills)","","Based on research data only"
"gRPC","https://github.com/grpc/grpc",42000,"good",5,true,true,false,"","API Tools (7 Skills)","","Based on research data only"
"gRPC-Java","https://github.com/grpc/grpc-java",12000,"good",5,true,true,false,"","API Tools (7 Skills)","","Based on research data only"
"gRPC-Node","https://github.com/grpc/grpc-node",5000,"good",5,true,true,false,"","API Tools (7 Skills)","","Based on research data only"
"Swagger UI","https://github.com/swagger-api/swagger-ui",26000,"good",5,true,true,false,"","API Tools (7 Skills)","","Based on research data only"
"OpenAPI Generator","https://github.com/OpenAPITools/openapi-generator",21000,"good",5,true,true,false,"","API Tools (7 Skills)","","Based on research data only"
"PostgreSQL","https://github.com/postgres/postgres",16000,"good",5,true,true,false,"","Databases (23 Skills)","","Based on research data only"
"MongoDB","https://github.com/mongodb/mongo",26000,"good",5,true,true,false,"","Databases (23 Skills)","","Based on research data only"
"Redis","https://github.com/redis/redis",65000,"good",5,true,true,false,"","Databases (23 Skills)","","Based on research data only"
"Cassandra","https://github.com/apache/cassandra",9000,"good",5,true,true,false,"","Databases (23 Skills)","","Based on research data only"
"Elasticsearch","https://github.com/elastic/elasticsearch",68000,"good",5,true,true,false,"","Databases (23 Skills)","","Based on research data only"
"Kibana","https://github.com/elastic/kibana",19000,"good",5,true,true,false,"","Databases (23 Skills)","","Based on research data only"
"ClickHouse","https://github.com/ClickHouse/ClickHouse",37000,"good",5,true,true,false,"","Databases (23 Skills)","","Based on research data only"
"TimescaleDB","https://github.com/timescale/timescaledb",17000,"good",5,true,true,false,"","Databases (23 Skills)","","Based on research data only"
"InfluxDB","https://github.com/influxdata/influxdb",27000,"good",5,true,true,false,"","Databases (23 Skills)","","Based on research data only"
"QuestDB","https://github.com/questdb/questdb",14000,"good",5,true,true,false,"","Databases (23 Skills)","","Based on research data only"
"Apache Druid","https://github.com/apache/druid",13000,"good",5,true,true,false,"","Databases (23 Skills)","","Based on research data only"
"Neo4j","https://github.com/neo4j/neo4j",12000,"good",5,true,true,false,"","Databases (23 Skills)","","Based on research data only"
"SQLite","https://github.com/sqlite/sqlite",5000,"good",5,true,true,false,"","Databases (23 Skills)","","Based on research data only"
"DuckDB","https://github.com/duckdb/duckdb",18000,"good",5,true,true,false,"","Databases (23 Skills)","","Based on research data only"
"Apache Calcite","https://github.com/apache/calcite",4000,"good",5,true,true,false,"","Databases (23 Skills)","","Based on research data only"
"Apache Pinot","https://github.com/apache/pinot",5000,"good",5,true,true,false,"","Databases (23 Skills)","","Based on research data only"
"Symfony","https://github.com/symfony/symfony",30000,"good",5,true,true,false,"","Databases (23 Skills)","","Based on research data only"
"Jest","https://github.com/jestjs/jest",43000,"good",5,true,true,false,"","Testing Frameworks (23 Skills)","","Based on research data only"
"Vitest","https://github.com/vitest-dev/vitest",12000,"good",5,true,true,false,"","Testing Frameworks (23 Skills)","","Based on research data only"
"Mocha","https://github.com/mochajs/mocha",23000,"good",5,true,true,false,"","Testing Frameworks (23 Skills)","","Based on research data only"
"Chai","https://github.com/chaijs/chai",9000,"good",5,true,true,false,"","Testing Frameworks (23 Skills)","","Based on research data only"
"QUnit","https://github.com/qunitjs/qunit",4000,"good",5,true,true,false,"","Testing Frameworks (23 Skills)","","Based on research data only"
"AVA","https://github.com/avajs/ava",20000,"good",5,true,true,false,"","Testing Frameworks (23 Skills)","","Based on research data only"
"Testing Library","https://github.com/testing-library/dom-testing-library",46000,"good",5,true,true,false,"","Testing Frameworks (23 Skills)","","Based on research data only"
"JUnit 5","https://github.com/junit-team/junit5",6000,"good",5,true,true,false,"","Testing Frameworks (23 Skills)","","Based on research data only"
"Mockito","https://github.com/mockito/mockito",14000,"good",5,true,true,false,"","Testing Frameworks (23 Skills)","","Based on research data only"
"TestNG","https://github.com/testng-team/testng",2000,"good",5,true,true,false,"","Testing Frameworks (23 Skills)","","Based on research data only"
"Selenium","https://github.com/SeleniumHQ/selenium",29000,"good",5,true,true,false,"","Testing Frameworks (23 Skills)","","Based on research data only"
"Appium","https://github.com/appium/appium",18000,"good",5,true,true,false,"","Testing Frameworks (23 Skills)","","Based on research data only"
"Pytest","https://github.com/pytest-dev/pytest",12000,"good",5,true,true,false,"","Testing Frameworks (23 Skills)","","Based on research data only"
"RSpec","https://github.com/rspec/rspec",5000,"good",5,true,true,false,"","Testing Frameworks (23 Skills)","","Based on research data only"
"Testify","https://github.com/stretchr/testify",22000,"good",5,true,true,false,"","Testing Frameworks (23 Skills)","","Based on research data only"
"Locust","https://github.com/locustio/locust",23000,"good",5,true,true,false,"","Testing Frameworks (23 Skills)","","Based on research data only"
"Apache JMeter","https://github.com/apache/jmeter",8000,"good",5,true,true,false,"","Testing Frameworks (23 Skills)","","Based on research data only"
"Hypothesis","https://github.com/HypothesisWorks/hypothesis",7000,"good",5,true,true,false,"","Testing Frameworks (23 Skills)","","Based on research data only"
"Gradle","https://github.com/gradle/gradle",17000,"good",5,true,true,false,"","Build Tools (23 Skills)","","Based on research data only"
"Maven","https://github.com/apache/maven",4000,"good",5,true,true,false,"","Build Tools (23 Skills)","","Based on research data only"
"Apache Ant","https://github.com/apache/ant",600,"good",5,true,true,false,"","Build Tools (23 Skills)","","Based on research data only"
"Webpack","https://github.com/webpack/webpack",64000,"good",5,true,true,false,"","Build Tools (23 Skills)","","Based on research data only"
"Vite","https://github.com/vitejs/vite",65000,"good",5,true,true,false,"","Build Tools (23 Skills)","","Based on research data only"
"Rollup","https://github.com/rollup/rollup",26000,"good",5,true,true,false,"","Build Tools (23 Skills)","","Based on research data only"
"esbuild","https://github.com/evanw/esbuild",37000,"good",5,true,true,false,"","Build Tools (23 Skills)","","Based on research data only"
"Parcel","https://github.com/parcel-bundler/parcel",43000,"good",5,true,true,false,"","Build Tools (23 Skills)","","Based on research data only"
"WMR","https://github.com/preactjs/wmr",2000,"good",5,true,true,false,"","Build Tools (23 Skills)","","Based on research data only"
"npm","https://github.com/npm/cli",8000,"good",5,true,true,false,"","Build Tools (23 Skills)","","Based on research data only"
"Yarn","https://github.com/yarnpkg/yarn",42000,"good",5,true,true,false,"","Build Tools (23 Skills)","","Based on research data only"
"pnpm","https://github.com/pnpm/pnpm",30000,"good",5,true,true,false,"","Build Tools (23 Skills)","","Based on research data only"
"Bower","https://github.com/bower/bower",16000,"good",5,true,true,false,"","Build Tools (23 Skills)","","Based on research data only"
"pip","https://github.com/pypa/pip",9000,"good",5,true,true,false,"","Build Tools (23 Skills)","","Based on research data only"
"Poetry","https://github.com/python-poetry/poetry",31000,"good",5,true,true,false,"","Build Tools (23 Skills)","","Based on research data only"
"Cargo","https://github.com/rust-lang/cargo",11000,"good",5,true,true,false,"","Build Tools (23 Skills)","","Based on research data only"
"Bazel","https://github.com/bazelbuild/bazel",22000,"good",5,true,true,false,"","Build Tools (23 Skills)","","Based on research data only"
"Buck","https://github.com/facebook/buck",9000,"good",5,true,true,false,"","Build Tools (23 Skills)","","Based on research data only"
"Nix","https://github.com/NixOS/nix",12000,"good",5,true,true,false,"","Build Tools (23 Skills)","","Based on research data only"
"Hugo","https://github.com/gohugoio/hugo",76000,"good",5,true,true,false,"","Build Tools (23 Skills)","","Based on research data only"
"Actions Toolkit","https://github.com/actions/toolkit",4000,"good",5,true,true,false,"","Build Tools (23 Skills)","","Based on research data only"
"Next.js","https://github.com/vercel/next.js",125000,"good",5,true,true,false,"","Build Tools (23 Skills)","","Based on research data only"
"Jenkins","https://github.com/jenkinsci/jenkins",23000,"good",5,true,true,false,"","CI/CD Tools (23 Skills)","","Based on research data only"
"Actions Runner Controller","https://github.com/actions/actions-runner-controller",4000,"good",5,true,true,false,"","CI/CD Tools (23 Skills)","","Based on research data only"
"GitLab","https://github.com/gitlabhq/gitlab",35000,"good",5,true,true,false,"","CI/CD Tools (23 Skills)","","Based on research data only"
"Drone","https://github.com/drone/drone",29000,"good",5,true,true,false,"","CI/CD Tools (23 Skills)","","Based on research data only"
"CircleCI CLI","https://github.com/CircleCI-Public/circleci-cli",700,"good",5,true,true,false,"","CI/CD Tools (23 Skills)","","Based on research data only"
"Travis CI","https://github.com/travis-ci/travis-ci",8000,"good",5,true,true,false,"","CI/CD Tools (23 Skills)","","Based on research data only"
"Buildbot","https://github.com/buildbot/buildbot",6000,"good",5,true,true,false,"","CI/CD Tools (23 Skills)","","Based on research data only"
"Terraform","https://github.com/hashicorp/terraform",42000,"good",5,true,true,false,"","CI/CD Tools (23 Skills)","","Based on research data only"
"Ansible","https://github.com/ansible/ansible",62000,"good",5,true,true,false,"","CI/CD Tools (23 Skills)","","Based on research data only"
"Docker CE","https://github.com/docker/docker-ce",7000,"good",5,true,true,false,"","CI/CD Tools (23 Skills)","","Based on research data only"
"Kubernetes","https://github.com/kubernetes/kubernetes",109000,"good",5,true,true,false,"","CI/CD Tools (23 Skills)","","Based on research data only"
"Helm","https://github.com/helm/helm",26000,"good",5,true,true,false,"","CI/CD Tools (23 Skills)","","Based on research data only"
"Prometheus","https://github.com/prometheus/prometheus",54000,"good",5,true,true,false,"","CI/CD Tools (23 Skills)","","Based on research data only"
"Grafana","https://github.com/grafana/grafana",62000,"good",5,true,true,false,"","CI/CD Tools (23 Skills)","","Based on research data only"
"Gitea","https://github.com/go-gitea/gitea",45000,"good",5,true,true,false,"","CI/CD Tools (23 Skills)","","Based on research data only"
"SonarQube","https://github.com/SonarSource/sonarqube",9000,"good",5,true,true,false,"","CI/CD Tools (23 Skills)","","Based on research data only"
"Nuclei","https://github.com/projectdiscovery/nuclei",18000,"good",5,true,true,false,"","CI/CD Tools (23 Skills)","","Based on research data only"
"GitLens","https://github.com/eamodio/vscode-gitlens",18000,"good",5,true,true,false,"","Code Editors (30 Skills)","VS Code Extensions (8)","Based on research data only"
"ESLint","https://github.com/dbaeumer/vscode-eslint",4000,"good",5,true,true,false,"","Code Editors (30 Skills)","VS Code Extensions (8)","Based on research data only"
"Prettier","https://github.com/esbenp/prettier-vscode",4000,"good",5,true,true,false,"","Code Editors (30 Skills)","VS Code Extensions (8)","Based on research data only"
"Error Lens","https://github.com/usernamehw/vscode-error-lens",2000,"good",5,true,true,false,"","Code Editors (30 Skills)","VS Code Extensions (8)","Based on research data only"
"TODO Highlight","https://github.com/wayou/vscode-todo-highlight",2000,"good",5,true,true,false,"","Code Editors (30 Skills)","VS Code Extensions (8)","Based on research data only"
"Telescope","https://github.com/nvim-telescope/telescope.nvim",9000,"good",5,true,true,false,"","Code Editors (30 Skills)","Neovim Plugins (14)","Based on research data only"
"Treesitter","https://github.com/nvim-treesitter/nvim-treesitter",8000,"good",5,true,true,false,"","Code Editors (30 Skills)","Neovim Plugins (14)","Based on research data only"
"nvim-lspconfig","https://github.com/neovim/nvim-lspconfig",7000,"good",5,true,true,false,"","Code Editors (30 Skills)","Neovim Plugins (14)","Based on research data only"
"nvim-cmp","https://github.com/hrsh7th/nvim-cmp",6000,"good",5,true,true,false,"","Code Editors (30 Skills)","Neovim Plugins (14)","Based on research data only"
"Gitsigns","https://github.com/lewis6991/gitsigns.nvim",5000,"good",5,true,true,false,"","Code Editors (30 Skills)","Neovim Plugins (14)","Based on research data only"
"which-key.nvim","https://github.com/folke/which-key.nvim",4000,"good",5,true,true,false,"","Code Editors (30 Skills)","Neovim Plugins (14)","Based on research data only"
"tokyonight.nvim","https://github.com/folke/tokyonight.nvim",4000,"good",5,true,true,false,"","Code Editors (30 Skills)","Neovim Plugins (14)","Based on research data only"
"undotree","https://github.com/mbbill/undotree",3000,"good",5,true,true,false,"","Code Editors (30 Skills)","Neovim Plugins (14)","Based on research data only"
"bufferline.nvim","https://github.com/akinsho/bufferline.nvim",3000,"good",5,true,true,false,"","Code Editors (30 Skills)","Neovim Plugins (14)","Based on research data only"
"indent-blankline","https://github.com/lukas-reineke/indent-blankline.nvim",3000,"good",5,true,true,false,"","Code Editors (30 Skills)","Neovim Plugins (14)","Based on research data only"
"lualine.nvim","https://github.com/nvim-lualine/lualine.nvim",4000,"good",5,true,true,false,"","Code Editors (30 Skills)","Neovim Plugins (14)","Based on research data only"
"nvim-tree.lua","https://github.com/kyazdani42/nvim-tree.lua",5000,"good",5,true,true,false,"","Code Editors (30 Skills)","Neovim Plugins (14)","Based on research data only"
"dressing.nvim","https://github.com/stevearc/dressing.nvim",2000,"good",5,true,true,false,"","Code Editors (30 Skills)","Neovim Plugins (14)","Based on research data only"
"Nvim","https://github.com/neovim/neovim",80000,"good",5,true,true,false,"","Code Editors (30 Skills)","Neovim Plugins (14)","Based on research data only"
"vim-fugitive","https://github.com/tpope/vim-fugitive",20000,"good",5,true,true,false,"","Code Editors (30 Skills)","Vim Plugins (6)","Based on research data only"
"vim-plug","https://github.com/junegunn/vim-plug",30000,"good",5,true,true,false,"","Code Editors (30 Skills)","Vim Plugins (6)","Based on research data only"
"NERDTree","https://github.com/preservim/nerdtree",20000,"good",5,true,true,false,"","Code Editors (30 Skills)","Vim Plugins (6)","Based on research data only"
"vim-gitgutter","https://github.com/airblade/vim-gitgutter",18000,"good",5,true,true,false,"","Code Editors (30 Skills)","Vim Plugins (6)","Based on research data only"
"vim-airline","https://github.com/vim-airline/vim-airline",17000,"good",5,true,true,false,"","Code Editors (30 Skills)","Vim Plugins (6)","Based on research data only"
"vim-surround","https://github.com/tpope/vim-surround",15000,"good",5,true,true,false,"","Code Editors (30 Skills)","Vim Plugins (6)","Based on research data only"
"Doom Emacs","https://github.com/doomemacs/doomemacs",18000,"good",5,true,true,false,"","Code Editors (30 Skills)","Emacs (2)","Based on research data only"
"Evil","https://github.com/emacs-evil/evil",9000,"good",5,true,true,false,"","Code Editors (30 Skills)","Emacs (2)","Based on research data only"
"Obsidian Tasks","https://github.com/obsidian-tasks-group/obsidian-tasks",5000,"good",5,true,true,false,"","Note-Taking Apps (30 Skills)","Obsidian Plugins (8)","Based on research data only"
"Obsidian Hub","https://github.com/obsidian-community/obsidian-hub",1000,"good",5,true,true,false,"","Note-Taking Apps (30 Skills)","Obsidian Plugins (8)","Based on research data only"
"Foam","https://github.com/foambubble/foam",14000,"good",5,true,true,false,"","Note-Taking Apps (30 Skills)","Obsidian Plugins (8)","Based on research data only"
"Foam VSCode","https://github.com/foambubble/foam-vscode",2000,"good",5,true,true,false,"","Note-Taking Apps (30 Skills)","Obsidian Plugins (8)","Based on research data only"
"Trilium Notes","https://github.com/zadam/trilium",23000,"good",5,true,true,false,"","Note-Taking Apps (30 Skills)","Obsidian Plugins (8)","Based on research data only"
"AFFiNE","https://github.com/toeverything/AFFiNE",40000,"good",5,true,true,false,"","Note-Taking Apps (30 Skills)","Obsidian Plugins (8)","Based on research data only"
"Logseq","https://github.com/logseq/logseq",30000,"good",5,true,true,false,"","Note-Taking Apps (30 Skills)","Logseq (4)","Based on research data only"
"Joplin","https://github.com/laurent22/joplin",40000,"good",5,true,true,false,"","Note-Taking Apps (30 Skills)","Joplin (4)","Based on research data only"
"Joplin Templates","https://github.com/joplin/plugin-templates",400,"acceptable",3,true,true,false,"","Note-Taking Apps (30 Skills)","Joplin (4)","Based on research data only"
"TiddlyGit","https://github.com/tiddly-gittly/TiddlyGit-Desktop",1000,"good",5,true,true,false,"","Note-Taking Apps (30 Skills)","Other Note Tools (14)","Based on research data only"
"Tmuxinator","https://github.com/tmuxinator/tmuxinator",13000,"good",5,true,true,false,"","Note-Taking Apps (30 Skills)","Other Note Tools (14)","Based on research data only"
"Spacedrive","https://github.com/spacedriveapp/spacedrive",30000,"good",5,true,true,false,"","Note-Taking Apps (30 Skills)","Other Note Tools (14)","Based on research data only"
"Winds","https://github.com/GetStream/Winds",8000,"good",5,true,true,false,"","Note-Taking Apps (30 Skills)","Other Note Tools (14)","Based on research data only"
"Filestash","https://github.com/mickael-kerjean/filestash",8000,"good",5,true,true,false,"","Note-Taking Apps (30 Skills)","Other Note Tools (14)","Based on research data only"
"Oh My Zsh","https://github.com/ohmyzsh/ohmyzsh",165000,"good",5,true,true,false,"","Terminal Tools (30 Skills)","Shells (8)","Based on research data only"
"Prezto","https://github.com/sorin-ionescu/prezto",14000,"good",5,true,true,false,"","Terminal Tools (30 Skills)","Shells (8)","Based on research data only"
"Powerlevel10k","https://github.com/romkatv/powerlevel10k",45000,"good",5,true,true,false,"","Terminal Tools (30 Skills)","Shells (8)","Based on research data only"
"Starship","https://github.com/starship/starship",40000,"good",5,true,true,false,"","Terminal Tools (30 Skills)","Shells (8)","Based on research data only"
"Fish","https://github.com/fish-shell/fish-shell",25000,"good",5,true,true,false,"","Terminal Tools (30 Skills)","Shells (8)","Based on research data only"
"Nushell","https://github.com/nushell/nushell",30000,"good",5,true,true,false,"","Terminal Tools (30 Skills)","Shells (8)","Based on research data only"
"Xonsh","https://github.com/xonsh/xonsh",8000,"good",5,true,true,false,"","Terminal Tools (30 Skills)","Shells (8)","Based on research data only"
"Tmux","https://github.com/tmux/tmux",33000,"good",5,true,true,false,"","Terminal Tools (30 Skills)","Terminal Multiplexers (7)","Based on research data only"
"TPM","https://github.com/tmux-plugins/tpm",11000,"good",5,true,true,false,"","Terminal Tools (30 Skills)","Terminal Multiplexers (7)","Based on research data only"
"tmux-resurrect","https://github.com/tmux-plugins/tmux-resurrect",8000,"good",5,true,true,false,"","Terminal Tools (30 Skills)","Terminal Multiplexers (7)","Based on research data only"
"tmux-continuum","https://github.com/tmux-plugins/tmux-continuum",3000,"good",5,true,true,false,"","Terminal Tools (30 Skills)","Terminal Multiplexers (7)","Based on research data only"
"tmux-yank","https://github.com/tmux-plugins/tmux-yank",2000,"good",5,true,true,false,"","Terminal Tools (30 Skills)","Terminal Multiplexers (7)","Based on research data only"
".tmux","https://github.com/gpakosz/.tmux",14000,"good",5,true,true,false,"","Terminal Tools (30 Skills)","Terminal Multiplexers (7)","Based on research data only"
"FZF","https://github.com/junegunn/fzf",60000,"good",5,true,true,false,"","Terminal Tools (30 Skills)","CLI Tools (15)","Based on research data only"
"Ripgrep","https://github.com/BurntSushi/ripgrep",45000,"good",5,true,true,false,"","Terminal Tools (30 Skills)","CLI Tools (15)","Based on research data only"
"Bat","https://github.com/sharkdp/bat",48000,"good",5,true,true,false,"","Terminal Tools (30 Skills)","CLI Tools (15)","Based on research data only"
"FD","https://github.com/sharkdp/fd",33000,"good",5,true,true,false,"","Terminal Tools (30 Skills)","CLI Tools (15)","Based on research data only"
"Exa","https://github.com/ogham/exa",23000,"good",5,true,true,false,"","Terminal Tools (30 Skills)","CLI Tools (15)","Based on research data only"
"Eza","https://github.com/eza-community/eza",10000,"good",5,true,true,false,"","Terminal Tools (30 Skills)","CLI Tools (15)","Based on research data only"
"Zoxide","https://github.com/ajeetdsouza/zoxide",20000,"good",5,true,true,false,"","Terminal Tools (30 Skills)","CLI Tools (15)","Based on research data only"
"LF","https://github.com/gokcehan/lf",7000,"good",5,true,true,false,"","Terminal Tools (30 Skills)","CLI Tools (15)","Based on research data only"
"Ranger","https://github.com/ranger/ranger",14000,"good",5,true,true,false,"","Terminal Tools (30 Skills)","CLI Tools (15)","Based on research data only"
"Lazygit","https://github.com/jesseduffield/lazygit",48000,"good",5,true,true,false,"","Terminal Tools (30 Skills)","CLI Tools (15)","Based on research data only"
"Forgit","https://github.com/wfxr/forgit",4000,"good",5,true,true,false,"","Terminal Tools (30 Skills)","CLI Tools (15)","Based on research data only"
"Delta","https://github.com/dandavison/delta",20000,"good",5,true,true,false,"","Terminal Tools (30 Skills)","CLI Tools (15)","Based on research data only"
"Krew","https://github.com/kubernetes-sigs/krew",5000,"good",5,true,true,false,"","Terminal Tools (30 Skills)","CLI Tools (15)","Based on research data only"
"Gum","https://github.com/charmbracelet/gum",15000,"good",5,true,true,false,"","Terminal Tools (30 Skills)","CLI Tools (15)","Based on research data only"
"Glow","https://github.com/charmbracelet/glow",15000,"good",5,true,true,false,"","Terminal Tools (30 Skills)","CLI Tools (15)","Based on research data only"
"Go Task","https://github.com/go-task/task",10000,"good",5,true,true,false,"","Productivity Utilities (25 Skills)","Task Managers (7)","Based on research data only"
"transfer.sh","https://github.com/dutchcoders/transfer.sh",16000,"good",5,true,true,false,"","Productivity Utilities (25 Skills)","Task Managers (7)","Based on research data only"
"Bubbletea","https://github.com/charmbracelet/bubbletea",25000,"good",5,true,true,false,"","Productivity Utilities (25 Skills)","Task Managers (7)","Based on research data only"
"Htop","https://github.com/htop-dev/htop",7000,"good",5,true,true,false,"","Productivity Utilities (25 Skills)","Task Managers (7)","Based on research data only"
"Btop","https://github.com/aristocratos/btop",20000,"good",5,true,true,false,"","Productivity Utilities (25 Skills)","Task Managers (7)","Based on research data only"
"Clipboard","https://github.com/Slackadays/Clipboard",600,"good",5,true,true,false,"","Productivity Utilities (25 Skills)","Clipboard Managers (5)","Based on research data only"
"Activepieces","https://github.com/activepieces/activepieces",7000,"good",5,true,true,false,"","Productivity Utilities (25 Skills)","Clipboard Managers (5)","Based on research data only"
"Maccy","https://github.com/p0deje/Maccy",9000,"good",5,true,true,false,"","Productivity Utilities (25 Skills)","Clipboard Managers (5)","Based on research data only"
"Clipy","https://github.com/Clipy/Clipy",6000,"good",5,true,true,false,"","Productivity Utilities (25 Skills)","Clipboard Managers (5)","Based on research data only"
"Vifm","https://github.com/vifm/vifm",2000,"good",5,true,true,false,"","Productivity Utilities (25 Skills)","File Managers (6)","Based on research data only"
"Nylas Mail","https://github.com/nylas/nylas-mail",13000,"good",5,true,true,false,"","Productivity Utilities (25 Skills)","File Managers (6)","Based on research data only"
"Mailspring","https://github.com/Foundry376/Mailspring",15000,"good",5,true,true,false,"","Productivity Utilities (25 Skills)","File Managers (6)","Based on research data only"
"Moar","https://github.com/walles/moar",2000,"good",5,true,true,false,"","Productivity Utilities (25 Skills)","File Managers (6)","Based on research data only"
"FiraCode","https://github.com/tonsky/FiraCode",70000,"good",5,true,true,false,"","Productivity Utilities (25 Skills)","File Managers (6)","Based on research data only"
"Ulauncher","https://github.com/Ulauncher/Ulauncher",10000,"good",5,true,true,false,"","Productivity Utilities (25 Skills)","Launcher Tools (7)","Based on research data only"
"Emacs Plus","https://github.com/d12frosted/homebrew-emacs-plus",2000,"good",5,true,true,false,"","Productivity Utilities (25 Skills)","Launcher Tools (7)","Based on research data only"
"Rebound","https://github.com/shobrook/rebound",300,"acceptable",3,true,true,false,"","Productivity Utilities (25 Skills)","Launcher Tools (7)","Based on research data only"
"Heroicons","https://github.com/tailwindlabs/heroicons",20000,"good",5,true,true,false,"","Design Tools (25 Skills)","Icon Libraries (5)","Based on research data only"
"Tabler Icons","https://github.com/tabler/tabler-icons",17000,"good",5,true,true,false,"","Design Tools (25 Skills)","Icon Libraries (5)","Based on research data only"
"Phosphor Icons","https://github.com/phosphor-icons/phosphor-icons",12000,"good",5,true,true,false,"","Design Tools (25 Skills)","Icon Libraries (5)","Based on research data only"
"Shadcn/ui","https://github.com/shadcn-ui/ui",65000,"good",5,true,true,false,"","Design Tools (25 Skills)","Design Systems & UI Kits (5)","Based on research data only"
"Chakra UI","https://github.com/chakra-ui/chakra-ui",37000,"good",5,true,true,false,"","Design Tools (25 Skills)","Design Systems & UI Kits (5)","Based on research data only"
"Mantine UI","https://github.com/mantinedev/mantine",24000,"good",5,true,true,false,"","Design Tools (25 Skills)","Design Systems & UI Kits (5)","Based on research data only"
"Penpot","https://github.com/penpot/penpot",31000,"good",5,true,true,false,"","Design Tools (25 Skills)","Prototyping & Design Tools (5)","Based on research data only"
"Excalidraw","https://github.com/excalidraw/excalidraw",78000,"good",5,true,true,false,"","Design Tools (25 Skills)","Prototyping & Design Tools (5)","Based on research data only"
"tldraw","https://github.com/tldraw/tldraw",29000,"good",5,true,true,false,"","Design Tools (25 Skills)","Prototyping & Design Tools (5)","Based on research data only"
"Framer Motion","https://github.com/framer/motion",23000,"good",5,true,true,false,"","Design Tools (25 Skills)","Prototyping & Design Tools (5)","Based on research data only"
"React Spring","https://github.com/pmndrs/react-spring",23000,"good",5,true,true,false,"","Design Tools (25 Skills)","Prototyping & Design Tools (5)","Based on research data only"
"Google Fonts","https://github.com/google/fonts",18000,"good",5,true,true,false,"","Design Tools (25 Skills)","Color & Typography (5)","Based on research data only"
"Mattermost","https://github.com/mattermost/mattermost",28000,"good",5,true,true,false,"","Collaboration Tools (25 Skills)","Team Communication (5)","Based on research data only"
"Zulip","https://github.com/zulip/zulip",21000,"good",5,true,true,false,"","Collaboration Tools (25 Skills)","Team Communication (5)","Based on research data only"
"Rocket.Chat","https://github.com/RocketChat/Rocket.Chat",39000,"good",5,true,true,false,"","Collaboration Tools (25 Skills)","Team Communication (5)","Based on research data only"
"Element","https://github.com/vector-im/element-web",11000,"good",5,true,true,false,"","Collaboration Tools (25 Skills)","Team Communication (5)","Based on research data only"
"Taiga","https://github.com/taigaio/taiga-back",15000,"good",5,true,true,false,"","Collaboration Tools (25 Skills)","Project Management (5)","Based on research data only"
"Docusaurus","https://github.com/facebook/docusaurus",53000,"good",5,true,true,false,"","Collaboration Tools (25 Skills)","Documentation & Knowledge (5)","Based on research data only"
"GitBook","https://github.com/GitbookIO/gitbook",29000,"good",5,true,true,false,"","Collaboration Tools (25 Skills)","Documentation & Knowledge (5)","Based on research data only"
"VitePress","https://github.com/vuejs/vitepress",21000,"good",5,true,true,false,"","Collaboration Tools (25 Skills)","Documentation & Knowledge (5)","Based on research data only"
"Phabricator","https://github.com/phacility/phabricator",10000,"good",5,true,true,false,"","Collaboration Tools (25 Skills)","Code Review & Quality (5)","Based on research data only"
"Obsidian","https://github.com/obsidianmd/obsidian-releases",34000,"good",5,true,true,false,"","Collaboration Tools (25 Skills)","Note-Taking & Workflow (5)","Based on research data only"
"Logseq","https://github.com/logseq/logseq",31000,"good",5,true,true,false,"","Collaboration Tools (25 Skills)","Note-Taking & Workflow (5)","Based on research data only"
"Joplin","https://github.com/laurent22/joplin",45000,"good",5,true,true,false,"","Collaboration Tools (25 Skills)","Note-Taking & Workflow (5)","Based on research data only"
"AppFlowy","https://github.com/AppFlowy-IO/AppFlowy",54000,"good",5,true,true,false,"","Collaboration Tools (25 Skills)","Note-Taking & Workflow (5)","Based on research data only"
"n8n","https://github.com/n8n-io/n8n",52000,"good",5,true,true,false,"","Collaboration Tools (25 Skills)","Note-Taking & Workflow (5)","Based on research data only"
"Node-RED","https://github.com/node-red/node-red",19000,"good",5,true,true,false,"","Developer Utilities (20 Skills)","Workflow Automation (5)","Based on research data only"
"Huginn","https://github.com/huginn/huginn",43000,"good",5,true,true,false,"","Developer Utilities (20 Skills)","Workflow Automation (5)","Based on research data only"
"Affine","https://github.com/toeverything/AFFiNE",32000,"good",5,true,true,false,"","Developer Utilities (20 Skills)","Workflow Automation (5)","Based on research data only"
"Tmux","https://github.com/tmux/tmux",33000,"good",5,true,true,false,"","Developer Utilities (20 Skills)","Terminal & Dev Tools (5)","Based on research data only"
"TPM","https://github.com/tmux-plugins/tpm",13000,"good",5,true,true,false,"","Developer Utilities (20 Skills)","Terminal & Dev Tools (5)","Based on research data only"
"FZF","https://github.com/junegunn/fzf",61000,"good",5,true,true,false,"","Developer Utilities (20 Skills)","Terminal & Dev Tools (5)","Based on research data only"
"Docker","https://github.com/docker/docker-ce",69000,"good",5,true,true,false,"","Container Orchestration (35 Skills)","Container Runtimes (5)","Based on research data only"
"Podman","https://github.com/containers/podman",22000,"good",5,true,true,false,"","Container Orchestration (35 Skills)","Container Runtimes (5)","Based on research data only"
"containerd","https://github.com/containerd/containerd",16000,"good",5,true,true,false,"","Container Orchestration (35 Skills)","Container Runtimes (5)","Based on research data only"
"Kubernetes","https://github.com/kubernetes/kubernetes",110000,"good",5,true,true,false,"","Container Orchestration (35 Skills)","Kubernetes Core (5)","Based on research data only"
"minikube","https://github.com/kubernetes/minikube",29000,"good",5,true,true,false,"","Container Orchestration (35 Skills)","Kubernetes Distributions (5)","Based on research data only"
"kind","https://github.com/kubernetes-sigs/kind",13000,"good",5,true,true,false,"","Container Orchestration (35 Skills)","Kubernetes Distributions (5)","Based on research data only"
"k3s","https://github.com/k3s-io/k3s",27000,"good",5,true,true,false,"","Container Orchestration (35 Skills)","Kubernetes Distributions (5)","Based on research data only"
"Helm","https://github.com/helm/helm",26000,"good",5,true,true,false,"","Container Orchestration (35 Skills)","Helm & Package Management (5)","Based on research data only"
"k9s","https://github.com/derailed/k9s",25000,"good",5,true,true,false,"","Container Orchestration (35 Skills)","Kubernetes Tools (5)","Based on research data only"
"kubectx","https://github.com/ahmetb/kubectx",17000,"good",5,true,true,false,"","Container Orchestration (35 Skills)","Kubernetes Tools (5)","Based on research data only"
"kubens","https://github.com/ahmetb/kubectx",17000,"good",5,true,true,false,"","Container Orchestration (35 Skills)","Kubernetes Tools (5)","Based on research data only"
"Istio","https://github.com/istio/istio",35000,"good",5,true,true,false,"","Container Orchestration (35 Skills)","Service Mesh (5)","Based on research data only"
"Linkerd","https://github.com/linkerd/linkerd2",10000,"good",5,true,true,false,"","Container Orchestration (35 Skills)","Service Mesh (5)","Based on research data only"
"Consul Connect","https://github.com/hashicorp/consul",27000,"good",5,true,true,false,"","Container Orchestration (35 Skills)","Service Mesh (5)","Based on research data only"
"Envoy","https://github.com/envoyproxy/envoy",24000,"good",5,true,true,false,"","Container Orchestration (35 Skills)","Service Mesh (5)","Based on research data only"
"Cilium","https://github.com/cilium/cilium",19000,"good",5,true,true,false,"","Container Orchestration (35 Skills)","Container Networking & Storage (5)","Based on research data only"
"Rook","https://github.com/rook/rook",12000,"good",5,true,true,false,"","Container Orchestration (35 Skills)","Container Networking & Storage (5)","Based on research data only"
"Jenkins","https://github.com/jenkinsci/jenkins",23000,"good",5,true,true,false,"","CI/CD Tools (35 Skills)","CI Platforms (5)","Based on research data only"
"GitLab CI","https://github.com/gitlabhq/gitlabhq",35000,"good",5,true,true,false,"","CI/CD Tools (35 Skills)","CI Platforms (5)","Based on research data only"
"Drone CI","https://github.com/drone/drone",29000,"good",5,true,true,false,"","CI/CD Tools (35 Skills)","CI Platforms (5)","Based on research data only"
"Gradle","https://github.com/gradle/gradle",17000,"good",5,true,true,false,"","CI/CD Tools (35 Skills)","Build Tools (5)","Based on research data only"
"Bazel","https://github.com/bazelbuild/bazel",23000,"good",5,true,true,false,"","CI/CD Tools (35 Skills)","Build Tools (5)","Based on research data only"
"ArgoCD","https://github.com/argoproj/argo-cd",17000,"good",5,true,true,false,"","CI/CD Tools (35 Skills)","Continuous Deployment (5)","Based on research data only"
"NixOS","https://github.com/NixOS/nixpkgs",12000,"good",5,true,true,false,"","CI/CD Tools (35 Skills)","Continuous Deployment (5)","Based on research data only"
"Terraform","https://github.com/hashicorp/terraform",42000,"good",5,true,true,false,"","CI/CD Tools (35 Skills)","Infrastructure as Code (5)","Based on research data only"
"Pulumi","https://github.com/pulumi/pulumi",21000,"good",5,true,true,false,"","CI/CD Tools (35 Skills)","Infrastructure as Code (5)","Based on research data only"
"AWS CDK","https://github.com/aws/aws-cdk",11000,"good",5,true,true,false,"","CI/CD Tools (35 Skills)","Infrastructure as Code (5)","Based on research data only"
"Ansible","https://github.com/ansible/ansible",61000,"good",5,true,true,false,"","CI/CD Tools (35 Skills)","Infrastructure as Code (5)","Based on research data only"
"SaltStack","https://github.com/saltstack/salt",14000,"good",5,true,true,false,"","CI/CD Tools (35 Skills)","Configuration Management (5)","Based on research data only"
"CFEngine","https://github.com/cfengine/core",680,"good",5,true,true,false,"","CI/CD Tools (35 Skills)","Configuration Management (5)","Based on research data only"
"Nix","https://github.com/NixOS/nix",12000,"good",5,true,true,false,"","CI/CD Tools (35 Skills)","Configuration Management (5)","Based on research data only"
"Selenium","https://github.com/SeleniumHQ/selenium",30000,"good",5,true,true,false,"","CI/CD Tools (35 Skills)","Testing & Quality (5)","Based on research data only"
"Cypress","https://github.com/cypress-io/cypress",46000,"good",5,true,true,false,"","CI/CD Tools (35 Skills)","Testing & Quality (5)","Based on research data only"
"Playwright","https://github.com/microsoft/playwright",65000,"good",5,true,true,false,"","CI/CD Tools (35 Skills)","Testing & Quality (5)","Based on research data only"
"OWASP ZAP","https://github.com/zaproxy/zaproxy",12000,"good",5,true,true,false,"","CI/CD Tools (35 Skills)","Testing & Quality (5)","Based on research data only"
"Semantic Release","https://github.com/semantic-release/semantic-release",20000,"good",5,true,true,false,"","CI/CD Tools (35 Skills)","Release Automation (5)","Based on research data only"
"GoReleaser","https://github.com/goreleaser/goreleaser",14000,"good",5,true,true,false,"","CI/CD Tools (35 Skills)","Release Automation (5)","Based on research data only"
"AWS CLI","https://github.com/aws/aws-cli",15000,"good",5,true,true,false,"","Cloud Platforms (35 Skills)","AWS Tools (5)","Based on research data only"
"LocalStack","https://github.com/localstack/localstack",53000,"good",5,true,true,false,"","Cloud Platforms (35 Skills)","AWS Tools (5)","Based on research data only"
"AWS CDK","https://github.com/aws/aws-cdk",11000,"good",5,true,true,false,"","Cloud Platforms (35 Skills)","AWS Tools (5)","Based on research data only"
"Serverless Framework","https://github.com/serverless/serverless",46000,"good",5,true,true,false,"","Cloud Platforms (35 Skills)","AWS Tools (5)","Based on research data only"
"Azure DevOps","https://github.com/microsoft/azure-devops-cli-extension",750,"good",5,true,true,false,"","Cloud Platforms (35 Skills)","Azure Tools (5)","Based on research data only"
"Pulumi Azure","https://github.com/pulumi/pulumi-azure",820,"good",5,true,true,false,"","Cloud Platforms (35 Skills)","Azure Tools (5)","Based on research data only"
"Skaffold","https://github.com/GoogleContainerTools/skaffold",15000,"good",5,true,true,false,"","Cloud Platforms (35 Skills)","GCP Tools (5)","Based on research data only"
"Nomad","https://github.com/hashicorp/nomad",15000,"good",5,true,true,false,"","Cloud Platforms (35 Skills)","Multi-Cloud (5)","Based on research data only"
"OpenFaaS","https://github.com/openfaas/faas",26000,"good",5,true,true,false,"","Cloud Platforms (35 Skills)","Serverless (5)","Based on research data only"
"K3s","https://github.com/k3s-io/k3s",27000,"good",5,true,true,false,"","Cloud Platforms (35 Skills)","Edge Computing (5)","Based on research data only"
"Vercel CLI","https://github.com/vercel/vercel",13000,"good",5,true,true,false,"","Cloud Platforms (35 Skills)","Cloud Native (5)","Based on research data only"
"Prometheus","https://github.com/prometheus/prometheus",55000,"good",5,true,true,false,"","Monitoring & Observability (35 Skills)","Metrics & Dashboards (5)","Based on research data only"
"Grafana","https://github.com/grafana/grafana",62000,"good",5,true,true,false,"","Monitoring & Observability (35 Skills)","Metrics & Dashboards (5)","Based on research data only"
"Victoria Metrics","https://github.com/VictoriaMetrics/VictoriaMetrics",11000,"good",5,true,true,false,"","Monitoring & Observability (35 Skills)","Metrics & Dashboards (5)","Based on research data only"
"Thanos","https://github.com/thanos-io/thanos",13000,"good",5,true,true,false,"","Monitoring & Observability (35 Skills)","Metrics & Dashboards (5)","Based on research data only"
"ELK Stack","https://github.com/elastic/elasticsearch",69000,"good",5,true,true,false,"","Monitoring & Observability (35 Skills)","Logging (5)","Based on research data only"
"Fluentd","https://github.com/fluent/fluentd",12000,"good",5,true,true,false,"","Monitoring & Observability (35 Skills)","Logging (5)","Based on research data only"
"Loki","https://github.com/grafana/loki",22000,"good",5,true,true,false,"","Monitoring & Observability (35 Skills)","Logging (5)","Based on research data only"
"Vector","https://github.com/vectordotdev/vector",17000,"good",5,true,true,false,"","Monitoring & Observability (35 Skills)","Logging (5)","Based on research data only"
"Jaeger","https://github.com/jaegertracing/jaeger",19000,"good",5,true,true,false,"","Monitoring & Observability (35 Skills)","Tracing (5)","Based on research data only"
"Zipkin","https://github.com/openzipkin/zipkin",17000,"good",5,true,true,false,"","Monitoring & Observability (35 Skills)","Tracing (5)","Based on research data only"
"SkyWalking","https://github.com/apache/skywalking",24000,"good",5,true,true,false,"","Monitoring & Observability (35 Skills)","Tracing (5)","Based on research data only"
"Temporal","https://github.com/temporalio/temporal",11000,"good",5,true,true,false,"","Monitoring & Observability (35 Skills)","Tracing (5)","Based on research data only"
"SigNoz","https://github.com/SigNoz/signoz",18000,"good",5,true,true,false,"","Monitoring & Observability (35 Skills)","APM & Profiling (5)","Based on research data only"
"Datadog CI","https://github.com/DataDog/datadog-ci",330,"acceptable",3,true,true,false,"","Monitoring & Observability (35 Skills)","APM & Profiling (5)","Based on research data only"
"Uptime Kuma","https://github.com/louislam/uptime-kuma",58000,"good",5,true,true,false,"","Monitoring & Observability (35 Skills)","Uptime & Health (5)","Based on research data only"
"Upptime","https://github.com/upptime/upptime",15000,"good",5,true,true,false,"","Monitoring & Observability (35 Skills)","Uptime & Health (5)","Based on research data only"
"PagerDuty","https://github.com/PagerDuty/pdagent",210,"acceptable",3,true,true,false,"","Monitoring & Observability (35 Skills)","Incident Response (5)","Based on research data only"
"FireHydrant","https://github.com/firehydrant/api-client-go",120,"acceptable",3,true,true,false,"","Monitoring & Observability (35 Skills)","Incident Response (5)","Based on research data only"
"LangChain","https://github.com/langchain-ai/langchain",95000,"good",5,true,true,false,"","LLM Frameworks & Libraries (15)","","Based on research data only"
"LlamaIndex","https://github.com/run-llama/llama_index",38000,"good",5,true,true,false,"","LLM Frameworks & Libraries (15)","","Based on research data only"
"Transformers","https://github.com/huggingface/transformers",135000,"good",5,true,true,false,"","LLM Frameworks & Libraries (15)","","Based on research data only"
"Ollama","https://github.com/ollama/ollama",92000,"good",5,true,true,false,"","LLM Frameworks & Libraries (15)","","Based on research data only"
"vLLM","https://github.com/vllm-project/vllm",32000,"good",5,true,true,false,"","LLM Frameworks & Libraries (15)","","Based on research data only"
"Text Generation Inference","https://github.com/huggingface/text-generation-inference",18000,"good",5,true,true,false,"","LLM Frameworks & Libraries (15)","","Based on research data only"
"AutoGPTQ","https://github.com/AutoGPTQ/AutoGPTQ",16000,"good",5,true,true,false,"","LLM Frameworks & Libraries (15)","","Based on research data only"
"GPTQ-for-LLaMA","https://github.com/qwopqwop200/GPTQ-for-LLaMA",12000,"good",5,true,true,false,"","LLM Frameworks & Libraries (15)","","Based on research data only"
"LocalAI","https://github.com/mudler/LocalAI",22000,"good",5,true,true,false,"","LLM Frameworks & Libraries (15)","","Based on research data only"
"FastChat","https://github.com/lm-sys/FastChat",37000,"good",5,true,true,false,"","LLM Frameworks & Libraries (15)","","Based on research data only"
"LiteLLM","https://github.com/BerriAI/litellm",12000,"good",5,true,true,false,"","LLM Frameworks & Libraries (15)","","Based on research data only"
"Instructor","https://github.com/jxnl/instructor",8000,"good",5,true,true,false,"","LLM Frameworks & Libraries (15)","","Based on research data only"
"Guidance","https://github.com/guidance-ai/guidance",18000,"good",5,true,true,false,"","LLM Frameworks & Libraries (15)","","Based on research data only"
"Outlines","https://github.com/outlines-dev/outlines",8000,"good",5,true,true,false,"","LLM Frameworks & Libraries (15)","","Based on research data only"
"Semantic Kernel","https://github.com/microsoft/semantic-kernel",22000,"good",5,true,true,false,"","LLM Frameworks & Libraries (15)","","Based on research data only"
"Chroma","https://github.com/chroma-core/chroma",15000,"good",5,true,true,false,"","Vector Databases & RAG (12)","","Based on research data only"
"Pinecone","https://github.com/pinecone-io/pinecone-ts-client",2000,"good",5,true,true,false,"","Vector Databases & RAG (12)","","Based on research data only"
"Qdrant","https://github.com/qdrant/qdrant",20000,"good",5,true,true,false,"","Vector Databases & RAG (12)","","Based on research data only"
"Weaviate","https://github.com/weaviate/weaviate",11000,"good",5,true,true,false,"","Vector Databases & RAG (12)","","Based on research data only"
"Milvus","https://github.com/milvus-io/milvus",28000,"good",5,true,true,false,"","Vector Databases & RAG (12)","","Based on research data only"
"FAISS","https://github.com/facebookresearch/faiss",30000,"good",5,true,true,false,"","Vector Databases & RAG (12)","","Based on research data only"
"pgvector","https://github.com/pgvector/pgvector",12000,"good",5,true,true,false,"","Vector Databases & RAG (12)","","Based on research data only"
"LanceDB","https://github.com/lancedb/lancedb",6000,"good",5,true,true,false,"","Vector Databases & RAG (12)","","Based on research data only"
"MyScale","https://github.com/myscale/myscaledb",4000,"good",5,true,true,false,"","Vector Databases & RAG (12)","","Based on research data only"
"Vespa","https://github.com/vespa-engine/vespa",6000,"good",5,true,true,false,"","Vector Databases & RAG (12)","","Based on research data only"
"Zilliz Cloud","https://github.com/zilliztech/milvus",28000,"good",5,true,true,false,"","Vector Databases & RAG (12)","","Based on research data only"
"Supabase Vector","https://github.com/supabase/vecs",3000,"good",5,true,true,false,"","Vector Databases & RAG (12)","","Based on research data only"
"AutoGPT","https://github.com/Significant-Gravitas/AutoGPT",165000,"good",5,true,true,false,"","AI Agents & Tools (14)","","Based on research data only"
"CrewAI","https://github.com/joaomdmoura/crewAI",15000,"good",5,true,true,false,"","AI Agents & Tools (14)","","Based on research data only"
"LangGraph","https://github.com/langchain-ai/langgraph",14000,"good",5,true,true,false,"","AI Agents & Tools (14)","","Based on research data only"
"AutoGen","https://github.com/microsoft/autogen",32000,"good",5,true,true,false,"","AI Agents & Tools (14)","","Based on research data only"
"OpenAI Swarm","https://github.com/openai/swarm",12000,"good",5,true,true,false,"","AI Agents & Tools (14)","","Based on research data only"
"AgentOps","https://github.com/AgentOps-AI/agentops",5000,"good",5,true,true,false,"","AI Agents & Tools (14)","","Based on research data only"
"MemGPT","https://github.com/cpacker/MemGPT",13000,"good",5,true,true,false,"","AI Agents & Tools (14)","","Based on research data only"
"MetaGPT","https://github.com/geekan/MetaGPT",48000,"good",5,true,true,false,"","AI Agents & Tools (14)","","Based on research data only"
"SuperAGI","https://github.com/TransformerOptimus/SuperAGI",18000,"good",5,true,true,false,"","AI Agents & Tools (14)","","Based on research data only"
"BabyAGI","https://github.com/yoheinakajima/babyagi",42000,"good",5,true,true,false,"","AI Agents & Tools (14)","","Based on research data only"
"Dify","https://github.com/langgenius/dify",55000,"good",5,true,true,false,"","AI Agents & Tools (14)","","Based on research data only"
"Flowise","https://github.com/FlowiseAI/Flowise",32000,"good",5,true,true,false,"","AI Agents & Tools (14)","","Based on research data only"
"Langflow","https://github.com/logspace-ai/langflow",32000,"good",5,true,true,false,"","AI Agents & Tools (14)","","Based on research data only"
"Continue","https://github.com/continuedev/continue",18000,"good",5,true,true,false,"","AI Agents & Tools (14)","","Based on research data only"
"Datasets","https://github.com/huggingface/datasets",18000,"good",5,true,true,false,"","Model Hubs & Datasets (10)","","Based on research data only"
"Hub CLI","https://github.com/huggingface/huggingface_hub",5000,"good",5,true,true,false,"","Model Hubs & Datasets (10)","","Based on research data only"
"Datasette","https://github.com/simonw/datasette",10000,"good",5,true,true,false,"","Model Hubs & Datasets (10)","","Based on research data only"
"MosaicML","https://github.com/mosaicml/streaming",3000,"good",5,true,true,false,"","Model Hubs & Datasets (10)","","Based on research data only"
"Kaggle API","https://github.com/Kaggle/kaggle-api",5000,"good",5,true,true,false,"","Model Hubs & Datasets (10)","","Based on research data only"
"DataHub","https://github.com/acryldata/datahub",10000,"good",5,true,true,false,"","Model Hubs & Datasets (10)","","Based on research data only"
"Amundsen","https://github.com/amundsen-io/amundsen",6000,"good",5,true,true,false,"","Model Hubs & Datasets (10)","","Based on research data only"
"DataHub Plugin","https://github.com/datahub-project/datahub",11000,"good",5,true,true,false,"","Model Hubs & Datasets (10)","","Based on research data only"
"PEFT","https://github.com/huggingface/peft",16000,"good",5,true,true,false,"","Model Training & Fine-tuning (12)","","Based on research data only"
"Axolotl","https://github.com/OpenAccess-AI-Collective/axolotl",10000,"good",5,true,true,false,"","Model Training & Fine-tuning (12)","","Based on research data only"
"LLaMA-Factory","https://github.com/hiyouga/LLaMA-Factory",22000,"good",5,true,true,false,"","Model Training & Fine-tuning (12)","","Based on research data only"
"trl","https://github.com/huggingface/trl",18000,"good",5,true,true,false,"","Model Training & Fine-tuning (12)","","Based on research data only"
"DeepSpeed","https://github.com/microsoft/DeepSpeed",35000,"good",5,true,true,false,"","Model Training & Fine-tuning (12)","","Based on research data only"
"Megatron-LM","https://github.com/NVIDIA/Megatron-LM",9000,"good",5,true,true,false,"","Model Training & Fine-tuning (12)","","Based on research data only"
"Lit-GPT","https://github.com/Lightning-AI/lit-gpt",8000,"good",5,true,true,false,"","Model Training & Fine-tuning (12)","","Based on research data only"
"MosaicML LLM","https://github.com/mosaicml/llm-foundry",5000,"good",5,true,true,false,"","Model Training & Fine-tuning (12)","","Based on research data only"
"Colossal-AI","https://github.com/hpcaitech/ColossalAI",40000,"good",5,true,true,false,"","Model Training & Fine-tuning (12)","","Based on research data only"
"Flash Attention","https://github.com/Dao-AILab/flash-attention",28000,"good",5,true,true,false,"","Model Training & Fine-tuning (12)","","Based on research data only"
"Timm","https://github.com/huggingface/pytorch-image-models",32000,"good",5,true,true,false,"","Model Training & Fine-tuning (12)","","Based on research data only"
"Keras","https://github.com/keras-team/keras",62000,"good",5,true,true,false,"","Model Training & Fine-tuning (12)","","Based on research data only"
"Prompt foo","https://github.com/promptfoo/promptfoo",10000,"good",5,true,true,false,"","Prompt Engineering & Management (8)","","Based on research data only"
"Guidance","https://github.com/guidance-ai/guidance",18000,"good",5,true,true,false,"","Prompt Engineering & Management (8)","","Based on research data only"
"Outlines","https://github.com/outlines-dev/outlines",8000,"good",5,true,true,false,"","Prompt Engineering & Management (8)","","Based on research data only"
"Weights & Biases","https://github.com/wandb/wandb",9000,"good",5,true,true,false,"","Prompt Engineering & Management (8)","","Based on research data only"
"MLflow","https://github.com/mlflow/mlflow",18000,"good",5,true,true,false,"","Prompt Engineering & Management (8)","","Based on research data only"
"Diffusers","https://github.com/huggingface/diffusers",32000,"good",5,true,true,false,"","Vision & Multimodal (10)","","Based on research data only"
"ComfyUI","https://github.com/comfyanonymous/ComfyUI",55000,"good",5,true,true,false,"","Vision & Multimodal (10)","","Based on research data only"
"Automatic1111","https://github.com/AUTOMATIC1111/stable-diffusion-webui",135000,"good",5,true,true,false,"","Vision & Multimodal (10)","","Based on research data only"
"Fooocus","https://github.com/lllyasviel/Fooocus",42000,"good",5,true,true,false,"","Vision & Multimodal (10)","","Based on research data only"
"InvokeAI","https://github.com/invoke-ai/InvokeAI",25000,"good",5,true,true,false,"","Vision & Multimodal (10)","","Based on research data only"
"OpenCV","https://github.com/opencv/opencv",77000,"good",5,true,true,false,"","Vision & Multimodal (10)","","Based on research data only"
"YOLO","https://github.com/ultralytics/ultralytics",30000,"good",5,true,true,false,"","Vision & Multimodal (10)","","Based on research data only"
"Segment Anything","https://github.com/facebookresearch/segment-anything",45000,"good",5,true,true,false,"","Vision & Multimodal (10)","","Based on research data only"
"LaMa","https://github.com/advimman/lama",11000,"good",5,true,true,false,"","Vision & Multimodal (10)","","Based on research data only"
"BLIP","https://github.com/salesforce/BLIP",8000,"good",5,true,true,false,"","Vision & Multimodal (10)","","Based on research data only"
"Whisper","https://github.com/openai/whisper",62000,"good",5,true,true,false,"","Speech & Audio (6)","","Based on research data only"
"Whisper.cpp","https://github.com/ggerganov/whisper.cpp",35000,"good",5,true,true,false,"","Speech & Audio (6)","","Based on research data only"
"Coqui TTS","https://github.com/coqui-ai/TTS",32000,"good",5,true,true,false,"","Speech & Audio (6)","","Based on research data only"
"Bark","https://github.com/suno-ai/bark",32000,"good",5,true,true,false,"","Speech & Audio (6)","","Based on research data only"
"SeamlessM4T","https://github.com/facebookresearch/seamless_communication",8000,"good",5,true,true,false,"","Speech & Audio (6)","","Based on research data only"
"Torch Audio","https://github.com/pytorch/audio",3000,"good",5,true,true,false,"","Speech & Audio (6)","","Based on research data only"
"Jan","https://github.com/janhq/jan",26000,"good",5,true,true,false,"","AI Development Tools (12)","","Based on research data only"
"Open WebUI","https://github.com/open-webui/open-webui",52000,"good",5,true,true,false,"","AI Development Tools (12)","","Based on research data only"
"LibreChat","https://github.com/danny-avila/LibreChat",18000,"good",5,true,true,false,"","AI Development Tools (12)","","Based on research data only"
"Anything LLM","https://github.com/Mintplex-Labs/anything-llm",22000,"good",5,true,true,false,"","AI Development Tools (12)","","Based on research data only"
"Open Interpreter","https://github.com/OpenInterpreter/open-interpreter",55000,"good",5,true,true,false,"","AI Development Tools (12)","","Based on research data only"
"Aider","https://github.com/paul-gauthier/aider",15000,"good",5,true,true,false,"","AI Development Tools (12)","","Based on research data only"
"Cursor","https://github.com/getcursor/cursor",8000,"good",5,true,true,false,"","AI Development Tools (12)","","Based on research data only"
"Continue","https://github.com/continuedev/continue",18000,"good",5,true,true,false,"","AI Development Tools (12)","","Based on research data only"
"Tabby","https://github.com/TabbyML/tabby",22000,"good",5,true,true,false,"","AI Development Tools (12)","","Based on research data only"
"Copilot.vim","https://github.com/github/copilot.vim",8000,"good",5,true,true,false,"","AI Development Tools (12)","","Based on research data only"
"Refact","https://github.com/smallcloudai/refact",3000,"good",5,true,true,false,"","AI Development Tools (12)","","Based on research data only"
"BentoML","https://github.com/bentoml/BentoML",7000,"good",5,true,true,false,"","ML MLOps & Deployment (10)","","Based on research data only"
"KServe","https://github.com/kserve/kserve",4000,"good",5,true,true,false,"","ML MLOps & Deployment (10)","","Based on research data only"
"Seldon Core","https://github.com/SeldonIO/seldon-core",4000,"good",5,true,true,false,"","ML MLOps & Deployment (10)","","Based on research data only"
"Torch Serve","https://github.com/pytorch/serve",4000,"good",5,true,true,false,"","ML MLOps & Deployment (10)","","Based on research data only"
"TF Serve","https://github.com/tensorflow/serving",4000,"good",5,true,true,false,"","ML MLOps & Deployment (10)","","Based on research data only"
"Triton","https://github.com/triton-inference-server/server",7000,"good",5,true,true,false,"","ML MLOps & Deployment (10)","","Based on research data only"
"Cortex","https://github.com/cortexlabs/cortex",5000,"good",5,true,true,false,"","ML MLOps & Deployment (10)","","Based on research data only"
"MLflow","https://github.com/mlflow/mlflow",18000,"good",5,true,true,false,"","ML MLOps & Deployment (10)","","Based on research data only"
"DVC","https://github.com/iterative/dvc",15000,"good",5,true,true,false,"","ML MLOps & Deployment (10)","","Based on research data only"
"Pachyderm","https://github.com/pachyderm/pachyderm",4000,"good",5,true,true,false,"","ML MLOps & Deployment (10)","","Based on research data only"
"btop","https://github.com/aristocratos/btop",21000,"good",5,true,true,false,"","System Tools & Process Management (8)","","Based on research data only"
"htop","https://github.com/htop-dev/htop",7000,"good",5,true,true,false,"","System Tools & Process Management (8)","","Based on research data only"
"glances","https://github.com/nicolargo/glances",25000,"good",5,true,true,false,"","System Tools & Process Management (8)","","Based on research data only"
"netdata","https://github.com/netdata/netdata",68000,"good",5,true,true,false,"","System Tools & Process Management (8)","","Based on research data only"
"tmux","https://github.com/tmux/tmux",2000,"good",5,true,true,false,"","System Tools & Process Management (8)","","Based on research data only"
"zellij","https://github.com/zellij-org/zellij",20000,"good",5,true,true,false,"","System Tools & Process Management (8)","","Based on research data only"
"byobu","https://github.com/dustinkirkland/byobu",2000,"good",5,true,true,false,"","System Tools & Process Management (8)","","Based on research data only"
"ripgrep (rg)","https://github.com/BurntSushi/ripgrep",48000,"good",5,true,true,false,"","File & Data Tools (8)","","Based on research data only"
"fd","https://github.com/sharkdp/fd",32000,"good",5,true,true,false,"","File & Data Tools (8)","","Based on research data only"
"fzf","https://github.com/junegunn/fzf",65000,"good",5,true,true,false,"","File & Data Tools (8)","","Based on research data only"
"bat","https://github.com/sharkdp/bat",50000,"good",5,true,true,false,"","File & Data Tools (8)","","Based on research data only"
"exa","https://github.com/ogham/exa",24000,"good",5,true,true,false,"","File & Data Tools (8)","","Based on research data only"
"eza","https://github.com/eza-community/eza",10000,"good",5,true,true,false,"","File & Data Tools (8)","","Based on research data only"
"dust","https://github.com/bootandy/dust",6000,"good",5,true,true,false,"","File & Data Tools (8)","","Based on research data only"
"duf","https://github.com/muesli/duf",6000,"good",5,true,true,false,"","File & Data Tools (8)","","Based on research data only"
"curl","https://github.com/curl/curl",35000,"good",5,true,true,false,"","Network & HTTP Tools (8)","","Based on research data only"
"HTTPie","https://github.com/httpie/httpie",33000,"good",5,true,true,false,"","Network & HTTP Tools (8)","","Based on research data only"
"wget","https://github.com/mirror/wget",3000,"good",5,true,true,false,"","Network & HTTP Tools (8)","","Based on research data only"
"ngrok","https://github.com/inconshreveable/ngrok",27000,"good",5,true,true,false,"","Network & HTTP Tools (8)","","Based on research data only"
"cloudflare tunnel","https://github.com/cloudflare/cloudflared",9000,"good",5,true,true,false,"","Network & HTTP Tools (8)","","Based on research data only"
"frp","https://github.com/fatedier/frp",85000,"good",5,true,true,false,"","Network & HTTP Tools (8)","","Based on research data only"
"nmap","https://github.com/nmap/nmap",10000,"good",5,true,true,false,"","Network & HTTP Tools (8)","","Based on research data only"
"tcpdump","https://github.com/the-tcpdump-group/tcpdump",3000,"good",5,true,true,false,"","Network & HTTP Tools (8)","","Based on research data only"
"starship","https://github.com/starship/starship",42000,"good",5,true,true,false,"","Command Line Productivity (8)","","Based on research data only"
"oh-my-zsh","https://github.com/ohmyzsh/ohmyzsh",170000,"good",5,true,true,false,"","Command Line Productivity (8)","","Based on research data only"
"fish","https://github.com/fish-shell/fish-shell",25000,"good",5,true,true,false,"","Command Line Productivity (8)","","Based on research data only"
"zsh-autosuggestions","https://github.com/zsh-users/zsh-autosuggestions",30000,"good",5,true,true,false,"","Command Line Productivity (8)","","Based on research data only"
"zsh-syntax-highlighting","https://github.com/zsh-users/zsh-syntax-highlighting",30000,"good",5,true,true,false,"","Command Line Productivity (8)","","Based on research data only"
"direnv","https://github.com/direnv/direnv",12000,"good",5,true,true,false,"","Command Line Productivity (8)","","Based on research data only"
"zoxide","https://github.com/ajeetdsouza/zoxide",22000,"good",5,true,true,false,"","Command Line Productivity (8)","","Based on research data only"
"atuin","https://github.com/ellie/atuin",20000,"good",5,true,true,false,"","Command Line Productivity (8)","","Based on research data only"
"jq","https://github.com/jqlang/jq",30000,"good",5,true,true,false,"","Text Processing & Utils (8)","","Based on research data only"
"yq","https://github.com/mikefarah/yq",12000,"good",5,true,true,false,"","Text Processing & Utils (8)","","Based on research data only"
"sed","https://github.com/mirror/sed",1000,"good",5,true,true,false,"","Text Processing & Utils (8)","","Based on research data only"
"awk","https://github.com/onetrueawk/awk",2000,"good",5,true,true,false,"","Text Processing & Utils (8)","","Based on research data only"
"grep","https://github.com/BurntSushi/ripgrep",48000,"good",5,true,true,false,"","Text Processing & Utils (8)","","Based on research data only"
"delta","https://github.com/dandavison/delta",22000,"good",5,true,true,false,"","Text Processing & Utils (8)","","Based on research data only"
"diff-so-fancy","https://github.com/so-fancy/diff-so-fancy",8000,"good",5,true,true,false,"","Text Processing & Utils (8)","","Based on research data only"
"zstd","https://github.com/facebook/zstd",23000,"good",5,true,true,false,"","Archive & Compression (4)","","Based on research data only"
"pigz","https://github.com/madler/pigz",4000,"good",5,true,true,false,"","Archive & Compression (4)","","Based on research data only"
"unzip","https://github.com/madler/unzip",1000,"good",5,true,true,false,"","Archive & Compression (4)","","Based on research data only"
"age","https://github.com/FiloSottile/age",17000,"good",5,true,true,false,"","Security & Encryption (5)","","Based on research data only"
"gpg","https://github.com/gpg/gnupg",4000,"good",5,true,true,false,"","Security & Encryption (5)","","Based on research data only"
"openssl","https://github.com/openssl/openssl",25000,"good",5,true,true,false,"","Security & Encryption (5)","","Based on research data only"
"certbot","https://github.com/certbot/certbot",7000,"good",5,true,true,false,"","Security & Encryption (5)","","Based on research data only"
"pass","https://github.com/zx2c4/password-store",8000,"good",5,true,true,false,"","Security & Encryption (5)","","Based on research data only"
"tokei","https://github.com/XAMPPRocky/tokei",10000,"good",5,true,true,false,"","Developer Utilities (5)","","Based on research data only"
"hyperfine","https://github.com/sharkdp/hyperfine",21000,"good",5,true,true,false,"","Developer Utilities (5)","","Based on research data only"
"jq","https://github.com/jqlang/jq",30000,"good",5,true,true,false,"","Developer Utilities (5)","","Based on research data only"
"httpie","https://github.com/httpie/httpie",33000,"good",5,true,true,false,"","Developer Utilities (5)","","Based on research data only"